{
    "arvosana-asteikko": "Grading scale/Pass requirements",
    "haku-otsikko": "Topic search",
    "jatkoopinto-kelpoisuus": "Access to the next level of education/training",
    "kansainvaliset-sopimukset": "International agreements",
    "kielen-vaihto": "Change language",
    "kvliiteen-yksiportainen-arviointiasteikko": "pass / fail",
    "lisatietoja": "Additional information",
    "pohjakoulutusvaatimukset": "Entry requirements",
    "saadosperusta": "Legal basis",
    "suorittaneen-osaaminen": "Vocational skills and competences required for completion of the qualification",
    "tutkinnon-muodostuminen": "Composition of the qualification",
    "tutkinnon-suorittaneen-ammatillinen-osaaminen": "Profile of skills and competences",
    "tutkinnon-taso": "Level of the certificate (national or international)",
    "tutkinnon-virallinen-asema": "Official basis of the certificate",
    "tutkinnosta-paattava-viranomainen": "Name and status of the national/regional authority providing accreditation/recognition of the certificate",
    "tutkintotodistuksen-antaja": "Name and status of the body awarding the certificate",
    "tutkintotodistuksen-saaminen": "Officially recognised ways of obtaining the certificate",
    "tyotehtavat-joissa-voi-toimia": "Range of occupations accessible to the holder of the certificate"
}
