{
    "OPINTOVIIKKO": "sv",
    "OSAAMISPISTE": "kp",
    "aihekokonaisuudet": "Temaområden",
    "aihekokonaisuudet-ei-otsikkoa": "Den allmänna beskrivningen för temaområdet har inte ännu definierats",
    "aihekokonaisuudet-palautettu": "Den valda versionen är återställd",
    "aihekokonaisuudet-yleiskuvaus-placeholder": "En allmän beskrivning av temaområdena",
    "aihekokonaisuus-palautettu": "Den valda versionen är återställd.",
    "aihekokonaisuus-yleiskuvaus-placeholder": "Skriv temaområdets allmänna beskrivning",
    "alkuun": "Till början",
    "aloita-raahaamalla-puuhun": "Hämta grupper eller examensdelar hit.",
    "aloitus-ennen-lopetusta": "Periodens startdatum måste vara före slutdatumet.",
    "ammatillinen-aikuiskoulutus": "Yrkesinriktad vuxenutbildning",
    "ammatillinen-peruskoulutus": "Grundläggande yrkesutbildning",
    "ammatillinenaikuiskoulutus": "Yrkesinriktad vuxenutbildning",
    "ammatillinenperuskoulutus": "Grundläggande yrkesutbildning",
    "ammattitaidonOsoittamistavat": "Sätt att påvisa yrkesskickligheten",
    "ammattitaito-uusi-kohde-placeholder": "Föremålets namn (inte obligatoriskt)",
    "ammattitaitovaatimukset": "Krav på yrkesskicklighet",
    "ammattitutkinto": "Yrkesexamen",
    "anna-diaarinumero-placeholder": "Mata in diarienummer",
    "anna-paatos-pvm": "Ange datum för godkännande",
    "anna-perusteen-nimi": "[Syötä perusteen nimi]",
    "anna-projektin-nimi-placeholder": "Mata in projektets namn",
    "anna-päätöspäivämäärä": "Mata in slutdatum",
    "anna-toimikausi_alku": "Mata in verksamhetsperiodens startdatum",
    "anna-toimikausi_loppu": "Mata in verksamhetsperiodens slutdatum",
    "anna-voimaantulo-loppu-pvm": "Ge slutdatum för giltigheten",
    "anna-voimaantulo-pvm": "Ge startdatum för giltigheten",
    "anna-yhteistyotaho-placeholder": "Mata in avtalspart",
    "annettu-arvo": "Givet värde",
    "arvio-itse": "Bedöm själv.",
    "arvioinnin-kohde": "Föremål för bedömningen",
    "arvioinnin-otsikko": "Rubrik för bedömningen",
    "arviointi": "Bedömning",
    "arviointi-asteikon-valinta": "Välj bedömningsskala",
    "arviointi-kohdealueet": "Målområden för bedömningen",
    "arviointi-lisatiedot-placeholder": "[Arvioinnin sanallinen selitys tähän]",
    "arviointi-muokkaa-taulukkona": "[Muokkaa taulukkona]",
    "arviointi-paallekkaisia-osaamisia": "[Tallennus epäonnistui: päällekkäisiä osaamisen kuvauksia.]",
    "arviointi-poista-kriteeri": "Radera raden",
    "arviointi-uusi-kohde": "Lägg till föremål för bedömning",
    "arviointi-uusi-kohde-placeholder": "Föremålets namn (inte obligatoriskt)",
    "arviointi-uusi-kohdealue": "Lägg till målområde",
    "arviointi-uusi-kohdealue-placeholder": "Målområdets namn",
    "arviointi-uusi-kriteeri": "Lägg till en rad",
    "arviointi-uusi-kriteeri-placeholder": "Kriteriets text",
    "arviointi-vuosiluokan-paatteeksi": "Bedömningskriterier i slutet av årskurshelheten",
    "arvion-hyva-osaaminen": "Kunskapskrav för goda kunskaper/vitsordet åtta",
    "arvion-kuvaus": "[Arvion kuvaus]",
    "arvo-askelvirhe": "Värdets steglängd får vara {{step}}",
    "arvo-ei-desimaaliluku": "Värdet måste vara ett decimaltal",
    "arvo-ei-kokonaisluku": "Värdet måste vara ett heltal",
    "arvo-ei-numero": "Värdet måste vara en siffra",
    "arvo-rajojen-ulkopuolella": "Värdet måste finnas mellan {{min}} och {{max}}",
    "arvointi": "[Arviointi]",
    "arvosana-asteikko": "Betygsskala/krav för godkännande",
    "arvosanat": "[Arvosanat]",
    "aseta-tila": "Ange status",
    "avaa-sulje-kaikki": "Öppna/stäng allt",
    "avaa-sulje-rakenne": "Öppna/stäng strukturen",
    "copyright-opetushallitus": "Copyright © Utbildningsstyrelsen 2016",
    "diaari-jo-listalla": "Diarienumret är redan valt",
    "diaarinumero-kaytossa": "Diarienumret är redan i bruk",
    "diaarinumero-label": "Diarienummer",
    "diaarinumerolla-jyraa-vanhan": "Genom att välja samma diarienummer ersätts de gamla grunderna i samband med publiceringen",
    "dokumentin-luonti-epaonnistui": "Ett PDF-dokument kunde inte skapas",
    "dokumentin-tila": "PDF-dokumentets status",
    "dokumentti-luotu": "PDF-dokumentet skapades",
    "ePerusteet-koti": "eGrunder",
    "edellinen": "Föregående",
    "editoimasi-sisältö-on-muuttunut": "Det innehåll som du redigerat har ändrats",
    "ei": "Nej",
    "ei-asetettu": "Inte tillsatt",
    "ei-korvattavia-perusteita": "Inga ersättande grunder har valts",
    "ei-koulutuksia": "Inga utbildningskoder",
    "ei-kuvausta": "[Ingen beskrivning]",
    "ei-kuvia": "Inga bilder",
    "ei-oppimaaria": "Inga lärokurser har lagts till",
    "ei-osa-alueita": "Inga delområden.",
    "ei-osaamisalan-kuvausta": "Ingen beskrivning av kompetensområdet",
    "ei-projekteja": "Du har inga pågående projekt.",
    "ei-päättymis-päivämäärää": "Inte fastställd",
    "ei-suosikkeja": "Du har inte ännu lagt till favoriter.",
    "ei-tekstikappaleita": "Inget textstycke hittades.",
    "ei-termeja": "Inga begrepp har definierats.",
    "ei-tiedotteita": "Inga meddelanden",
    "ei-tiivistelmaa": "Inget sammandrag",
    "ei-tuloksia": "Avgränsningen gav inga resultat",
    "ei-tutkintonimikkeita ": "Inga examensbenämningar",
    "ei-tutkintonimikkeita": "Inga examensbenämningar",
    "ei-valintaa": "Inget val",
    "ei_ole": "Dokumentet har inte skapats.",
    "email": "Epost",
    "en": "Engelska",
    "eperusteet": "eGrunder",
    "eperusteet-otsikko": "eGrunder",
    "eperusteet-virkailija-linkki": "Administratörens vy",
    "epimage-plugin-button-label": "Bild",
    "epimage-plugin-hylatty": "Du kan endast ladda ner bilder i jpg- eller png-format.",
    "epimage-plugin-label": "Bild",
    "epimage-plugin-label-epimage": "Bild",
    "epimage-plugin-lisaa-uusi": "Ladda ny bild",
    "epimage-plugin-menu-muokkaa": "Redigera bilden",
    "epimage-plugin-menu-poista": "Radera bild",
    "epimage-plugin-select-placeholder": "Välj bild...",
    "epimage-plugin-tallennettu": "Bilden är sparad.",
    "epimage-plugin-title": "Lägg till bild",
    "epimage-plugin-valitse": "Välj fil…",
    "epimage-plugin-virhe-kuva-tyhja": "Välj bild.",
    "epimage-plugin-virhe-viite-tyhja": "Bilden som ska läggas till är inte vald.",
    "erikoisammattitutkinto": "Specialyrkesexamen",
    "esikatselu-varoitus": "Läroplanen är ännu halvfärdig. ",
    "esiopetus": "Förskoleundervisning",
    "esitys": "Förslag",
    "et-ole-lisannyt-viela-tutkintonimikkeita": "Inga examensbenämningar har lagts till ännu",
    "et-ole-vielä-tallentanut-tekstikappaleita": "Du har inte ännu fogat alla textstycken till grunderna",
    "et-ole-vielä-tallentanut-tutkinnonosia": "Du har inte ännu fogat alla examensdelar till grunderna",
    "etsi-perusteprojekteista": "Sök följande projekt som gäller grunder...",
    "etsi-rakenteesta": "Sök i strukturen…",
    "etsi-sisallosta": "Avgränsa innehållet...",
    "etsi-tiedotteista": "Sök bland meddelanden",
    "etusivu.ammatilliset": "Yrkesutbildning",
    "etusivu.eperusteet": "eGrunder",
    "etusivu.eperusteet.kuvaus": "I tjänsten eGrunder kan du bekanta dig med ikraftvarande läroplans- och examensgrunder. Grunderna publiceras i tjänsten stegvis.",
    "etusivu.esiopetuksen-peruste": "Grunderna för förskoleundervisningens läroplan",
    "etusivu.hae-muita-opseja": "Sök andra läroplaner",
    "etusivu.lukiokoulutuksen-peruste": "Grunderna för gymnasiets läroplan",
    "etusivu.nayta-kaikki-uutiset": "Visa alla nyheter",
    "etusivu.paikalliset-opsit": "Lokala läroplaner",
    "etusivu.perusopetuksen-peruste": "Grunderna för läroplanen för den grundläggande utbildningen",
    "etusivu.tiedotteet": "Meddelanden",
    "etusivu.uusimmat-ammatilliset": "De nyaste examensgrunderna inom yrkesutbildningen",
    "etusivu.uusimmat-perusteet": "De nyaste eGrunderna",
    "etusivu.uutisia": "Nyheter",
    "etusivu.valtakunnalliset-perusteet": "De nationella eGrunderna",
    "etusivulle": "Till startsidan",
    "excel": "Excel",
    "excel-avataan-tiedostoa": "Dokumentet öppnas",
    "excel-ei-kahta-samaa": "Examenskoden måste vara unik",
    "excel-luetaan-tekstikappaleita": "Textstycken läses",
    "excel-luetaan-tutkinnonosia": "Examensdelar läses",
    "excel-parsitaan-perustietoja": "Basuppgifter läses",
    "excel-tiedostossasi-oli-virheitä": "Det fanns fel i exceldokumentet",
    "fi": "Finska",
    "hae-koodi": "Sök kod",
    "hae-koodistosta": "Sök bland koderna",
    "hae-perusteita": "Sök grunder",
    "hae-perusteprojekteja": "Sök projekt som gäller grunder",
    "hae-ryhma": "Sök grupp",
    "haetaan-koodistosta": "Sök bland koderna",
    "haetaan-ryhmia": "Grupperna söks...",
    "haetaan-tutkinnon-osia": "Examensdelarna söks...",
    "haetaan-tyoryhmia": "Arbetsgrupper sökes",
    "haku": "Sökning",
    "haku-ala": "[Ala]",
    "haku-hakuehdot": "Sökvillkor",
    "haku-kaikki-alat": "Alla utbildningsområden",
    "haku-kaikki-opintoalat": "Alla studieområden",
    "haku-kaikki-tutkinnot": "Alla examina",
    "haku-kieli": "Språk",
    "haku-koulutusala": "Utbildningsområde",
    "haku-nayta-siirtymaajalla-olevat": "Visa de som är i en övergångsfas",
    "haku-nimi": "Namn",
    "haku-opintoala": "Studieområde",
    "haku-otsikko": "Sökning av grunder",
    "haku-tulosten-maara": "Antal grunder som hittades:",
    "haku-tutkinnon-nimi-placeholder": "Examens namn",
    "haku-tyyppi": "Typ",
    "haku-voimaantulopvm": "Datum för ikraftträdande",
    "hakuehdot": "[Hakuehdot]",
    "hallinta": "Administrering",
    "hallintapaneeli": "Kontrollpanel",
    "haluatko-jatkaa": "Vill du fortsätta?",
    "haluatko-varmasti-poistaa-osion": "Är du säker på att du vill radera delen?",
    "huom": "Obs!",
    "jarjestysnumero": "Ordningsnummer",
    "jatkoopinto-kelpoisuus": "Behörighet för fortsatta studier",
    "jnro": "Ordningsnummer",
    "joku-toinen-on-muokannut-dokumenttia": "Någon annan har redigerat dokumentet. Du kan antingen ångra dina ändringar eller fortsätta redigera dokumentet och skriva över de ändringar som någon annan har gjort.",
    "julkaisu-korvaa-perusteet": "Grunderna ersätter följande grunder som är i bruk:",
    "julkinen-tiedote": "Offentligt meddelande",
    "julkinen-tiedote-header": "Offentlig",
    "järjestelmävirhe-alku": "Ett systemfel inträffade",
    "järjestelmävirhe-loppu": ". Var god och försök på nytt. Om problemet upprepas, kontakta tjänstens administratör.",
    "kaannos": "Översättning",
    "kaikki": "Allt",
    "kaikki-koulutustyypit": "Alla utbildningstyper",
    "kansainvaliset-sopimukset": "Internationella överenskommelser",
    "kasitteet": "Begrepp",
    "katselet-vanhaa-versiota": "Du tittar på en gammal version av sidan.",
    "katso-uusin-versio": "Se den senaste versionen",
    "kelvoton-pvm": "Ogiltigt datum",
    "keskeiset-sisallot": "Centralt innehåll",
    "keskeiset-sisaltoalueet": "Centrala innehållsområden",
    "keskustelu": "Diskussion",
    "kielen-vaihto": "[Vaihda kieli]",
    "kieli": "Språk",
    "kirjanmerkilla-pitaa-olla-nimi": "Bokmärket måste ha ett namn",
    "kohde": "Föremål",
    "kohdealue": "Målområde",
    "kohdealueet": "Målområden",
    "kommentoi-muutosta": "Kommentera ändringen",
    "kommentointi": "Kommentering",
    "kommentti": "Kommentar",
    "kommentti-ei-saa-ylittaa": "Kommentaren får inte vara längre än {{ maara }} tecken.",
    "kommentti-poistettu": "Kommentaren raderades",
    "koodi": "Kod",
    "koodi-virhe-1": "Ingen kod har angetts.",
    "koodi-virhe-2": "Med den kod du använde hittades redan examensdelen.",
    "koodi-virhe-3": "Följande fält är obligatoriska:",
    "koodittomia-tutkinnon-osia": "Alla examensdelar har ingen kod",
    "kopioi-leikelaudalle": "Kopiera till klippbordet",
    "kopioi-muokattavaksi": "Kopiera för redigering",
    "korjaa-virheet": "Korrigera följande fel",
    "korosta": "Markera",
    "korvattava-diaari-on-oma-diaari": "I listan över grunder som ersätts finns ett eget diarienummer",
    "korvattava-peruste-on-eri-koulutustyyppia": "Grunderna som ersätts är av en annan utbildningstyp",
    "korvattavaa-ei-loydy-jarjestelmasta": "Grunderna som ersätts hittas inte i systemet.",
    "korvattavat-perusteet": "Föreskrifter som ersätts",
    "koulutuksen-nimi": "Utbildningens namn",
    "koulutukset": "Utbildningar",
    "koulutus": "Utbildning",
    "koulutus-tyyppi": "Utbildningstyp",
    "koulutusalakoodi": "Kod för utbildningsområde",
    "koulutustyyppi": "Utbildningstyp",
    "koulutustyyppi-label": "Utbildnings-/examenstyp",
    "koulutustyyppi_1": "Yrkesinriktad grundexamen",
    "koulutustyyppi_11": "Yrkesexamen",
    "koulutustyyppi_12": "Specialyrkesexamen",
    "koulutustyyppi_15": "Förskoleundervisning",
    "koulutustyyppi_16": "Grundläggande utbildning",
    "koulutustyyppi_18": "Handledande utbildning för den grundläggande yrkesutbildningen",
    "koulutustyyppi_2": "Gymnasieutbildning",
    "koulutustyyppi_20": "Småbarnspedagogik",
    "koulutustyyppi_22": "Undervisning som förbereder för den grundläggande utbildningen",
    "koulutustyyppi_23": "Utbildning som förbereder för gymnasieutbildning",
    "koulutustyyppi_5": "Utbildning som handleder för arbete och ett självständigt liv",
    "koulutustyyppi_6": "Påbyggnadsundervisning",
    "kpl": "st",
    "kriteerit": "Kriterier",
    "kunnat": "Kommuner",
    "kurssi-action": "Skapa en kurs",
    "kurssi-kuvaus-header": "Beskrivning",
    "kurssi-lokalisoitu-koodi": "Kod",
    "kurssi-lokalisoitu-koodi-header": "Kod",
    "kurssi-nimi-header": "Namn",
    "kurssi-osa-keskeinenSisalto": "Centralt innehåll",
    "kurssi-osa-tavoitteet": "Mål",
    "kurssi-osa-tavoitteetJaKeskeinenSisalto": "Mål och centralt innehåll",
    "kurssi-peruuta": "Ångra ",
    "kurssi-sisallot-header": "Innehåll",
    "kurssi-tavoitteet-header": "Mål",
    "kurssi-title": "Kurs",
    "kurssi-tyypin-kuvaus": "Beskrivning",
    "kurssi-tyyppi": "Typ",
    "kurssi-tyyppi-header": "Typ",
    "kurssi-tyyppi-selite-paikallinen": "Lokal",
    "kurssi-tyyppi-selite-pakollinen": "Obligatorisk",
    "kurssi-tyyppi-selite-soveltava": "Tillämpad",
    "kurssi-tyyppi-selite-syventava": "Fördjupad",
    "kurssi-tyyppi-selite-valtakunnallinen": "Nationell",
    "kurssi-tyyppi-selite-valtakunnallinen_soveltava": "Tillämpad",
    "kurssi-tyyppi-selite-valtakunnallinen_syventava": "Fördjupad",
    "kurssin-sisalto": "Kursens innehåll",
    "kurssit": "Kurser",
    "kuvaus": "Beskrivning",
    "kvliite-validointi-taso-koodi-puute": "Koulutuskoodirelaatioista puuttuu tasot.",
    "kvliiteen-yksiportainen-arviointiasteikko": "Godkänd / underkänd",
    "kyllä": "Ja",
    "kysy-neuvoa-anna-palautetta": "Fråga råd - ge feedback",
    "laadinnan-esikatselu-info": "Detta är förhandsgranskning av ett projekt som gäller grunder. Allt innehåll syns inte nödvändigtvis korrekt.",
    "laaja-alainen-osaaminen": "Mångsidig kompetens",
    "laaja-alainen-osaaminen-kuvaus": "Beskrivning av mångsidig kompetens",
    "laaja-alaisen-osaamisen-alueet": "Mångsidiga kompetensområden",
    "laaja-alaiset-osaamiset": "Mångsidiga kompetenser",
    "laajuuden-yksikkö": "Enhet för omfattning",
    "laajuus": "Omfattning",
    "ladataan-tyoryhman-tietoja": "Uppgifter om arbetsgrupperna söks",
    "lajittelu-jarjestysnumero": "Nr.",
    "lataa": "Ladda ner",
    "lataa-dokumentti": "Ladda ner dokumentet",
    "lataa-peruste-pdf-muodossa": "Ladda ner grunderna i pdf-format",
    "leikelauta": "Klippbord",
    "leikelauta-varoitus": "Delar av uppbyggnaden har placerats på klippbordet. Om du går ut från redigering av uppbyggnaden, töms klippbordet och du förlorar dess innehåll.",
    "liita-perusteeseen": "Foga till grunderna",
    "liita-perusteprojekti-tiedotteeseen": "Foga ett projekt som gäller grunder till ett meddelande",
    "liittamattomia-tutkinnon-osia": "Examensdelar som inte har fogats",
    "liitä-suoritustapaan": "Foga genomförandesättet",
    "lisaa": "Lägg till",
    "lisaa-aihekokonaisuus": "Lägg till temaområde",
    "lisaa-aihekokonaisuus-action": "Lägg till temaområde",
    "lisaa-aihekokonaisuus-otsikko-header": "Temaområdets rubrik",
    "lisaa-aihekokonaisuus-title": "Lägg till temaområde",
    "lisaa-aihekokonaisuus-yleiskuvaus-header": "Beskrivning av temaområdet",
    "lisaa-ainakin-yksi-kieli": "Grunderna ska ha minst ett språk.",
    "lisaa-aliotsikko": "Lägg till underrubrik",
    "lisaa-arviointi": "Lägg till bedömning",
    "lisaa-diaari": "Lägg till diarienummer",
    "lisaa-kieli": "Lägg till språk",
    "lisaa-kommentti": "Lägg till kommentar",
    "lisaa-koulutus": "Lägg till utbildningskod",
    "lisaa-kriteeri": "Lägg till kriterium",
    "lisaa-kurssi": "Lägg till kurs",
    "lisaa-kurssi-action": "Lägg till kurs",
    "lisaa-kurssi-title": "Lägg till gymnasiekurs",
    "lisaa-laaja-alainen-osaaminen": "Lägg till mångsidig kompetens",
    "lisaa-nimike": "Lägg till benämning",
    "lisaa-opetuksen-tavoite": "Lägg till mål för undervisningen",
    "lisaa-oppiaine": "Lägg till läroämne",
    "lisaa-oppimaara": "Lägg till lärokurs",
    "lisaa-osa-alue": "Lägg till delområde",
    "lisaa-osaamiskokonaisuus": "Lägg till kompetenshelhet",
    "lisaa-osaamistavoite": "Lägg till mål för kunnandet",
    "lisaa-sisalto": "Lägg till innehåll",
    "lisaa-sisaltoalue": "Lägg till innehållsområde",
    "lisaa-tavoitealue": "Lägg till målområde",
    "lisaa-tiedote": "Lägg till meddelande",
    "lisaa-tutkinnonosa": "Lägg till examensdel",
    "lisaa-tutkintokohtainen-osa": "Lägg till textstycke",
    "lisaa-tutkintonimike": "Lägg till examensbenämning",
    "lisaa-tyoryhma": "Lägg till arbetsgrupp",
    "lisaa-vapaa-teksti": "Lägg till textstycke",
    "lisaa-vuosiluokkakokonaisuus": "Lägg till årskurshelhet",
    "lisaa-yleisettavoitteet-kuvaus-header": "Beskrivning av de allmänna målen för undervisningen",
    "lisaa-yleisettavoitteet-otsikko-header": "Rubrik för de allmänna målen för undervisningen",
    "lisaopetus": "Påbyggnadsundervisning",
    "lisatieto": "Tilläggsuppgift",
    "lisatietoja": "Mer information",
    "lista": "Lista",
    "lopetus-aloituksen-jälkeen": "Verksamhetsperiodens slutdatum måste vara efter startdatumet.",
    "loydetty-termien-maara": "Antal begrepp som hittades:",
    "loydettyjen-opsien-maara": "Antal läroplaner som hittades",
    "lue-lisaa": "Visa mera…",
    "lukio-etsi-kursseista": "Sök bland kurserna",
    "lukio-etsi-liitetyista-kursseista": "Sök bland kurserna…",
    "lukio-etsi-liittamattomista-kursseista": "Sök bland kurser som inte är bifogade…",
    "lukio-etsi-oppiaineista": "Sök bland läroämnena",
    "lukio-etsi-oppiaineista-ja-kursseista": "Sök...",
    "lukio-kurssi-tyyppi-otsikko-paikallinen_soveltava": "Lokal tillämpad",
    "lukio-kurssi-tyyppi-otsikko-paikallinen_syventava": "Lokal fördjupad",
    "lukio-kurssi-tyyppi-otsikko-valtakunnallinen_pakollinen": "Obligatorisk",
    "lukio-kurssi-tyyppi-otsikko-valtakunnallinen_soveltava": "Nationell tillämpad",
    "lukio-kurssi-tyyppi-otsikko-valtakunnallinen_syventava": "Nationell fördjupad",
    "lukio-kurssi-tyyppi-placeholder-paikallinen_soveltava": "Beskrivning av läroämnets lokala tillämpade kurser…",
    "lukio-kurssi-tyyppi-placeholder-paikallinen_syventava": "Beskrivning av läroämnets lokala fördjupade kurser…",
    "lukio-kurssi-tyyppi-placeholder-valtakunnallinen_pakollinen": "Lokal precisering av beskrivningen av läroämnets obligatoriska kurser... ",
    "lukio-kurssi-tyyppi-placeholder-valtakunnallinen_soveltava": "Lokal precisering av beskrivningen av läroämnets tillämpade kurser... ",
    "lukio-kurssi-tyyppi-placeholder-valtakunnallinen_syventava": "Lokal precisering av beskrivningen av läroämnets fördjupade kurser... ",
    "lukio-liitamattomat-kurssit": "Kurser som inte har bifogats",
    "lukio-liitetyt-kurssit": "Bifogade kurser",
    "lukio-liitetyt-kurssit-ohje": "Du kan lägga till samma kurs under ett annat läroämne/lärokurs med funktionen \"Redigera strukturen\"",
    "lukio-peruste-esikatseltavissa": "Grunderna för gymnasiet kan förhandsgranskas",
    "lukiokoulutus": "Gymnasieutbildning",
    "lukiokoulutusyleisettavoitteet-palautettu": "Den valda versionen är återställd",
    "lukiokurssi-palautettu": "Den valda versionen är återställd.",
    "lukiokurssit": "Kurser",
    "lukiooppiaine-palautettu": "Den valda versionen är återställd",
    "lukiooppiaine-poistettu": "Raderingen av läroämnet lyckades",
    "lukiooppiaineet-kurssit-tab-header": "Kurser",
    "lukiooppiaineet-oppiaineet-tab-header": "Läroämnen",
    "lukiooppiaineet-puu-tab-header": "Läroplan",
    "lukiorakenne-palautettu": "Den valda versionen är återställd",
    "lukitus-kayttajalla": "Sidan är låst. Användaren {{user}} redigerar sidan.",
    "luo-pdf": "Skapa PDF",
    "luo-pdf-dokumentti": "Skapa PDF-dokument",
    "luo-pdf-dokumentti-perusteesta": "Skapa PDF-dokument av grunderna",
    "luo-perustepohja-nappi": "Skapa en botten för grunderna",
    "luo-perusteprojekti-nappi": "Skapa projekt",
    "luo-tyoryhma": "Skapa arbetsgrupp",
    "luo-uusi": "Skapa ny",
    "luo-uusi-perustepohja": "Skapa en ny botten för grunderna",
    "luo-uusi-ryhma": "Skapa ny grupp",
    "luodaan": "Skapas som bäst",
    "luoja": "Skapat av",
    "luonnos": "Utkast",
    "luonti-diaarinumero-ohje": "Lägg till diarienumret för beslutet om tillsättande av arbetsgrupp som arbetar med grunder.",
    "luonti-paatospaivamaara-ohje": "Lägg till datum för beslutet om tillsättande av arbetsgrupp som arbetar med grunder.",
    "luonti-projektin-nimi-ohje": "Ge projektets namn i formen 'Projekt som gäller grunderna för [Namn]' (t.ex. 'Projekt som gäller grunderna för yrkesexamen inom branschen för byggnadsprodukter').",
    "luonti-tekstikappale": "Nytt textstycke",
    "luonti-tutkinnon-osa": "Ny examendel",
    "luotu": "Skapad",
    "maarayksen-diaarinumero": "Föreskriftens diarienummer",
    "maarayksen-paatospaivamaara": "Föreskriftens beslutsdatum",
    "maarayskirje": "Föreskrift",
    "maksimi": "Maximum",
    "mandatory-odottamaton-virhe": "Du har inte fyllt i alla obligatoriska fält",
    "mandatory-otsikkoa-ei-asetettu": "Rubriken är obligatorisk",
    "merkitse-suosikiksi": "Markera som favorit",
    "minimi": "Minimum",
    "muodostumis-rakenne-validointi-laajuus": "Den totala omfattningen av gruppens delar når inte upp till den behövliga omfattningen",
    "muodostumis-rakenne-validointi-maara": "Det totala antalet delar i gruppen når inte upp till det behövliga antalet",
    "muodostumis-rakenne-validointi-uniikit": "Gruppen innehåller samma examensdelar",
    "muodostumissaannot": "Examens uppbyggnad",
    "muokattavana": "Håller på att redigeras",
    "muokattu": "Redigerad",
    "muokattu-viimeksi": "Redigerad senast",
    "muokkaa": "Redigera",
    "muokkaa-aihekokonaisuus-action": "Spara",
    "muokkaa-aihekokonaisuus-title": "Redigera temaområdet",
    "muokkaa-kohdealueita": "Redigera målområden",
    "muokkaa-kurssia": "Redigera kursen",
    "muokkaa-kurssia-action": "Spara förändringarna",
    "muokkaa-lisaa-vapaa-teksti": "Lägg till textstycke",
    "muokkaa-muodostumissääntöjä": "Redigera",
    "muokkaa-oppiainetta": "Redigera läroämnet",
    "muokkaa-oppimaaraa": "Redigera lärokursen",
    "muokkaa-osa-aluetta": "Redigera delområdet",
    "muokkaa-osaaminen": "Mångsidig kompetens - redigera kompetenshelheten",
    "muokkaa-rakennetta": "Redigera uppbyggnaden",
    "muokkaa-ryhmaa": "Redigera gruppen",
    "muokkaa-tekstikappaleiden-rakennetta": "Redigera textstyckenas uppbyggnad",
    "muokkaa-termia": "Redigera begreppet",
    "muokkaa-tiedotetta": "Redigera meddelandet",
    "muokkaa-tutkinnon-osaa": "Redigera examensdelen",
    "muokkaa-tyoryhmaa": "Redigera arbetsgruppen",
    "muokkaa-vuosiluokkakokonaisuutta": "Redigera årskurshelheten",
    "muokkaaja": "Redigerare",
    "muokkaus": "Redigering",
    "muokkaus-kohdealueet": "Redigera målområdena",
    "muokkaus-kommentit": "[Kommentit]",
    "muokkaus-koulutuksen-osan-arviointi-taulukko-header": "Bedömning av kunnande i tabellformat",
    "muokkaus-koulutuksen-osan-tavoitteet-header": "Mål",
    "muokkaus-laaja-alainen-osaaminen-header": "Mångsidig kompetens",
    "muokkaus-lisaa-osio": "Lägg till en del",
    "muokkaus-lisaa-sisalto": "Lägg till innehåll",
    "muokkaus-paikallisesti-paatettavat-asiat-header": "Beslut som avgörs på lokal nivå",
    "muokkaus-paikallisesti-paatettavat-asiat-placeholder": "Anteckna beslut som avgörs på lokal nivå här",
    "muokkaus-rakenne": "Redigera examens uppbyggnad",
    "muokkaus-siirtyma-edellisesta-header": "Övergång från föregående fas",
    "muokkaus-siirtyma-edellisesta-placeholder": "Anteckna övergångens innehåll här",
    "muokkaus-siirtyma-seuraavaan-header": "Övergång till följande fas",
    "muokkaus-siirtyma-seuraavaan-placeholder": "Anteckna övergångens innehåll här",
    "muokkaus-teksikappaleen-nimi-header": "Rubrik",
    "muokkaus-teksikappaleen-nimi-placeholder": "Anteckna rubriken här",
    "muokkaus-tekstikappale": "Redigera textstycket",
    "muokkaus-tekstikappale-tallennettu": "Textstycket har sparats",
    "muokkaus-tekstikappaleen-teksti-header": "Styckets text",
    "muokkaus-tekstikappaleen-teksti-placeholder": "Skriv styckets text här",
    "muokkaus-tutkinnon-jarjestysnumero": "Ordningsnummer",
    "muokkaus-tutkinnon-osa": "Redigera examensdelen",
    "muokkaus-tutkinnon-osa-tallennettu": "Examensdelen har sparats",
    "muokkaus-tutkinnon-osan-ammattitaidon-osoittamistavat-header": "Olika sätt att visa yrkesskicklighet",
    "muokkaus-tutkinnon-osan-ammattitaidon-osoittamistavat-placeholder": "Lista sätten att påvisa yrkesskicklighet här",
    "muokkaus-tutkinnon-osan-ammattitaitovaatimukset-header": "Krav på yrkesskicklighet",
    "muokkaus-tutkinnon-osan-ammattitaitovaatimukset-placeholder": "Lista examensdelens krav på yrkesskicklighet här",
    "muokkaus-tutkinnon-osan-ammattitaitovaatimukset-taulukko-header": "[Ammattitaitovaatimukset taulukkona]",
    "muokkaus-tutkinnon-osan-ammattitaitovaatimukset-teksti-header": "[Ammattitaitovaatimukset tekstinä]",
    "muokkaus-tutkinnon-osan-arviointi-header": "[Arviointi]",
    "muokkaus-tutkinnon-osan-arviointi-taulukko-header": "Bedömning i tabellform",
    "muokkaus-tutkinnon-osan-arviointi-teksti-header": "Bedömning i textform",
    "muokkaus-tutkinnon-osan-arviointi-teksti-placeholder": "Anteckna bedömningskriterierna här",
    "muokkaus-tutkinnon-osan-koodi-header": "Kod",
    "muokkaus-tutkinnon-osan-koodi-placeholder": "[Tutkinnon osan koodi]",
    "muokkaus-tutkinnon-osan-nimi-header": "Namn",
    "muokkaus-tutkinnon-osan-nimi-placeholder": "[Kirjoita tähän otsikko]",
    "muokkaus-tutkinnon-osan-osaamisala-header": "[Osaamisala]",
    "muokkaus-tutkinnon-osan-osaamisala-placeholder": "[Kirjoita tähän tutkinnon osan osaamisala]",
    "muokkaus-tutkinnon-osan-tavoitteet-header": "Mål",
    "muokkaus-tutkinnon-osan-tavoitteet-placeholder": "Anteckna målen för examensdelarna här",
    "muokkaus-uusi-kappale-placeholder": "[Uusi kappale]",
    "muokkaus-uusi-kommentti-placeholder": "[Uusi kommentti]",
    "muokkaus-vuosiluokkakokonaisuuden-osa": "Redigera årskurshelhetens del",
    "muokkaus-vuosiluokkakokonaisuuden-tehtava-header": "Årskurshelhetens uppdrag",
    "muokkaus-vuosiluokkakokonaisuuden-tehtava-placeholder": "Anteckna årskurshelhetens uppdrag här",
    "määritelty": "Det som fastställs i grunderna",
    "määrittelemätön": "Det som fastställs i examen",
    "navi.ammatillinenaikuiskoulutus": "Yrkesinriktad vuxenutbildning",
    "navi.ammatillinenperuskoulutus": "Grundläggande yrkesutbildning",
    "navi.esiopetus": "Förskoleundervisning",
    "navi.etusivu": "Startsida",
    "navi.lisaopetus": "Påbyggnadsundervisning",
    "navi.lukio": "Gymnasium",
    "navi.lukiokoulutus": "Gymnasieutbildning",
    "navi.opetussuunnitelmat": "Läroplaner",
    "navi.perusopetus": "Grundläggande utbildning",
    "navi.peruste": "Grunder",
    "navi.tiedote": "Meddelande",
    "navi.valikkon-otsikko": "eGrunder meny",
    "navi.valmentavakoulutus": "Handledande utbildning ",
    "navi.varhaiskasvatus": "Småbarnspedagogik",
    "nayta": "Visa",
    "nayta-aliviestit": "Visa svaren",
    "nayta-kuvaukset": "Visa beskrivningarna",
    "nayta-osaamiskokonaisuuden-kuvaus": "Visa den allmänna beskrivningen av kompetenshelheten",
    "nayta-perusteen-teksti": "Visa grundernas text",
    "nayta-ryhman-kuvaus": "Visa gruppens beskrivning",
    "nayta-versiohistoria": "Historia",
    "nayta-virheet": "Kolla uppbyggnaden",
    "naytto": "Fristående examen",
    "nimeton": "<Utan namn>",
    "nimeton-vierastutkinto": "Främmande examensdel utan namn",
    "nimetön": "<Anonym>",
    "nimi": "Namn",
    "nimi-on-jo-kaytossa": "Arbetsgruppen finns redan. Välj ett annat namn.",
    "nimi-on-pakollinen": "Rubriken är obligatorisk.",
    "näytä-kaikki": "Visa alla",
    "odotettu-arvo": "Förväntat värde",
    "odottamaton-virhe": "Ett oväntat fel inträffade",
    "ohje": "Anvisning",
    "ohje-hallintapaneeli": "Kontrollpanelen är avsedd för att få tillgång till funktioner som omfattar hela tjänsten.",
    "ohje-muodostuminen-ryhma": "Skapa grupp och för den till önskad plats i uppbyggnaden.",
    "ohje-muodostuminen-tutkinnonosat": "Välj examensdel och för den till önskad plats i uppbyggnaden.",
    "ohje-perusteprojekti": "Via denna vy kan projekt och bottnar hanteras.",
    "ohje-ryhma-koko": "Storleken bestämmer hur många delar en grupp kan innehålla",
    "ohje-ryhma-laajuus": "Omfattningen bestämmer antalet delar i gruppen i förhållande till antalet enheter",
    "ohje-ryhma-rooli": "<p><strong>Fastställs i grunderna:</strong>Gruppens innehåll bestäms i samband med att uppbyggnaden skapas.</p><p><strong>Gruppen tilldelas endast regler för uppbyggnad och innehållet bestäms i samband med det lokala uppgörandet.</p>",
    "ohje-tiedotteet": "Via denna vy kan meddelanden hanteras.",
    "ohje-tutkinnonosa-tyyppi": "<p>Examensdelens typ bestämmer vilka innehåll som ska ges för delen.</p><p><strong>Examensspecifik</strong>: För examensdelen bestäms innehåll och bedömningskriterier.</p><p><strong>Gemensam</strong>: För examensdelen bestäms delspecifika delområden, och för vart och ett av dem bestäms eget innehåll och bedömningskriterier.</p>",
    "ok": "OK",
    "oletus": "Standard",
    "oma-diaarinumero": "Grunderna kan inte ersätta sig själva",
    "omat-suosikit": "Egna favoriter",
    "opetuksen-kohdealueet": "Undervisningens målområden",
    "opetuksen-sisallot": "Undervisningens innehåll",
    "opetuksen-tavoitteet": "Undervisningens mål",
    "opetuksen-yleiset-tavoitteet": "Allmänna mål för undervisningen",
    "opetus": "Undervisning ",
    "opetussuunnitelma": "Läroplan",
    "opetussuunnitelman-nimi": "Läroplanens namn",
    "opetussuunnitelman-tiedot": "Läroplanens uppgifter",
    "opintoluokitus": "Studieklassificering",
    "opintopolku": "Studieinfo",
    "opiskelija": "Studenten",
    "opiskelija-tai-tutkinnon-suorittaja": "Den studerande eller examinanden",
    "oppiaine": "Läroämne",
    "oppiaine-kurssit": "Kurser",
    "oppiaine-osio-arviointi": "Bedömning av elevens lärande",
    "oppiaine-osio-lukio-arviointi": "Bedömning",
    "oppiaine-osio-ohjaus": "Handledning och stöd",
    "oppiaine-osio-osaalue": "Delområde",
    "oppiaine-osio-tavoitteet": "Mål för undervisningen",
    "oppiaine-osio-tehtava": "Läroämnets uppdrag",
    "oppiaine-osio-tyotavat": "Lärmiljöer och arbetssätt",
    "oppiaineella-ei-vuosiluokkasisaltoja": "För läroämnet har inte definierats innehåll enligt årskurs.",
    "oppiaineen-sisallot": "Läroämnets struktur",
    "oppiaineen-sisalto": "Läroämnets innehåll",
    "oppiaineet": "Läroämnen",
    "oppiaineet-ja-oppimaarat": "Läroämnen och lärokurser",
    "oppiaineet-oppimaarat": "Läroämnen",
    "oppiaineet-oppimaarat-header": "Läroämnen",
    "oppiaineetyleissivistava": "Läroämnen, allmänbildande",
    "oppilaitos-organisaatio-paikkakunta": "Läroanstalt / Organisation / Ort",
    "oppimaara": "Lärokurs",
    "oppimaarat": "Lärokurser",
    "ops": "Grundläggande utbildning ",
    "ops-esikatselu": "Förhandsgranskning av läroplanen",
    "ops-ja-tutkintojen-perusteet": "Läroplans- och examensgrunder",
    "organisaatiot": "Organisationer",
    "osa": "Del",
    "osa-alueet": "Delområden:",
    "osaamisala": "Kompetensområde",
    "osaamisalan-kuvaus": "Beskrivning av kompetensområde",
    "osaamisalaryhma-varoitus": "Under en kompetensområdesgrupp kan det inte finnas en annan kompetensområdesgrupp.",
    "osaamisalat": "Kompetensområden",
    "osaamisen-arviointi": "Bedömning av kunnande",
    "osaamisen-arviointi-tekstina": "Bedömning av kunnande i textformat",
    "osaamisen-kuvaus": "[Osaamisen kuvaus]",
    "osaamisen-kuvaus-arvosanalle_0": "Kriterier för goda kunskaper i slutet av åk 2",
    "osaamisen-kuvaus-arvosanalle_5": "[Osaamisen kuvaus arvosanalle 5]",
    "osaamisen-kuvaus-arvosanalle_6": "[Osaamisen kuvaus arvosanalle 6]",
    "osaamisen-kuvaus-arvosanalle_7": "[Osaamisen kuvaus arvosanalle 7]",
    "osaamisen-kuvaus-arvosanalle_8": "[Osaamisen kuvaus arvosanalle 8]",
    "osaamisen-kuvaus-arvosanalle_9": "[Osaamisen kuvaus arvosanalle 9]",
    "osaamisen-kuvaus-arvosanalle_10": "[Osaamisen kuvaus arvosanalle 10]",
    "osaamistavoitteet": "Mål för kunnande",
    "osaamistavoitteet-selite": "Beskrivning",
    "osaan-kuvaus": "Fristående examina och grundläggande yrkesutbildning",
    "osaan-linkki": "Jagkan.fi",
    "osaatko-jo": "Kan du redan?",
    "osia-valittava-vahintaan": "Du måste välja minst",
    "osia-valittava-vahintaan-ja-enintaan-koko": "Minst {{ kokoMinimi }} och högst {{ kokoMaksimi }} delar ska väljas.",
    "osia-valittava-vahintaan-ja-enintaan-laajuus": "Delar ska väljas så att omfattningen blir minst {{ laajuusMinimi }} och högst {{ laajuusMaksimi }}.",
    "osia-valittava-vahintaan-koko": "Minst {{ kokoMinimi }} delar ska väljas.",
    "osia-valittava-vahintaan-laajuus": "Minst {{ laajuusMinimi }} {{laajuusYksikko}} delar ska väljas.",
    "osien-rakenteen-päivitys-onnistui": "Delarnas uppbyggnad har uppdaterats",
    "osiot": "Delar",
    "ota-versio-kayttoon": "Ta denna version i bruk",
    "otsikko": "Rubrik",
    "paatos-pvm": "Datum för godkännande",
    "paatospaivamaara": "Datum för beslut",
    "paattymisaikaa-ei-ole-maaritetty": "Odefinierbar",
    "paikallinen": "Lokal",
    "paikallisessa-laadinnassa-maariteltava": "Vid uppgörandet på lokal nivå ska bestämmas",
    "paikallisesti-paatettavat-asiat": "Frågor som avgörs på lokal nivå",
    "paikalliset-opetussuunnitelmat": "Lokala läroplaner",
    "paikalliset-pakolliset-kurssit": "Lokala obligatoriska kurser",
    "paikalliset-soveltavat-kurssit": "Lokala tillämpade kurser",
    "paikalliset-syventavat-kurssit": "Lokala fördjupade kurser",
    "paivita": "Uppdatera",
    "pakollinen": "Obligatorisk",
    "pakollinen-kurssi-kuvaus-header": "En allmän beskrivning av de obligatoriska kurserna",
    "pakollinen-kurssi-kuvaus-placeholder": "En frivillig beskrivning av de obligatoriska kurserna",
    "pakolliset-kurssit": "Obligatoriska kurser",
    "pakolliset-osaamistavoitteet": "Obligatoriska mål för kunnande",
    "pakollisuus": "Obligatorisk",
    "palata-ops-tyokaluun": "Gå tillbaka",
    "palauta": "Återställ",
    "peru": "Ångra",
    "peru-omat-muutokset": "Ångra egna ändringar",
    "perusopetus": "Grundläggande utbildning",
    "perusopetus-arviointi": "Bedömning av lärande",
    "perusopetus-ohjaus": "Handledning, differentiering och stöd",
    "perusopetus-sisaltoalueet": "Innehållsområden",
    "perusopetus-tavoitteet": "Läroämnets mål",
    "perusopetus-tehtava": "Läroämnets uppdrag",
    "perusopetus-tyotavat": "Lärmiljöer och arbetssätt",
    "peruste": "Grunderna",
    "peruste-ei-diaarinumeroa": "Föreskriftens diarienummer saknas",
    "peruste-ei-ole-katseltavissa": "Det är inte möjligt att se grunderna",
    "peruste-ei-sisaltoa": "Inget innehåll skapat för grunderna ännu.",
    "peruste-ei-voimassaolon-alkamisaikaa": "För grunderna har inget startdatum för giltigheten uppgetts",
    "peruste-koulutukset": "Utbildningskoder",
    "peruste-lukio-ei-aihekokonaisuuksia": "Det finns inte temaområden i grunderna",
    "peruste-lukio-ei-opetuksen-yleisia-tavoitteita": "I grunderna finns inte allmänna mål för undervisningen.",
    "peruste-lukio-ei-oppiaineita": "I grunderna finns inte ett enda läroämne",
    "peruste-lukio-kooodi-puuttuu": "Koden saknas",
    "peruste-lukio-liittamaton-kurssi": "Grunderna innehåller en kurs som inte bifogats",
    "peruste-lukio-oppiaineessa-ei-kursseja": "Grunderna innehåller ett läroämne eller en lärokurs, som inte har kurser",
    "peruste-lukio-oppiaineessa-ei-oppimaaria": "I läroämnet finns ingen lärokurs",
    "peruste-lukio-sama-koodi": "Samma kod har använts flera gånger",
    "peruste-validointi-koulutus-nimi": "Namnen på utbildningarna i grunderna har inte lokaliserats",
    "peruste-validointi-kuvaus": "Beskrivningen av grunderna har inte lokaliserats",
    "peruste-validointi-laajaalainen-osaaminen-kuvaus": "Alla beskrivningar av mångsidiga kompetenser har inte lokaliserats",
    "peruste-validointi-laajaalainen-osaaminen-nimi": "Alla namn på mångsidiga kompetenser har inte lokaliserats",
    "peruste-validointi-nimi": "Grundernas namn har inte lokaliserats",
    "peruste-validointi-oppiaine-kohdealue": "Alla målområden för läroämnena har inte lokaliserats",
    "peruste-validointi-oppiaine-nimi": "Alla läroämnens namn har inte lokaliserats",
    "peruste-validointi-oppiaine-sisalto": "Alla läroämnens innehåll har inte lokaliserats",
    "peruste-validointi-oppiaine-sisaltoalue": "Alla läroämnens innehållsområden har inte lokaliserats",
    "peruste-validointi-oppiaine-vlk-sisalto": "Innehållet i årskurshelheterna har inte lokaliserats i alla läroämnen",
    "peruste-validointi-oppiaine-vlk-tavoite-tavoite-teksti": "Alla mål har inte lokaliserats",
    "peruste-validointi-tekstikappale-nimi": "Namnen på grundernas alla textstycken har inte lokaliserats",
    "peruste-validointi-tekstikappale-teksti": "Innehållet i grundernas alla textstycken har inte lokaliserats",
    "peruste-validointi-tutkinnonosa-ammattitaidon-osoittamistavat": "Sätten att påvisa yrkesskicklighet i grundernas examensdelar har inte lokaliserats",
    "peruste-validointi-tutkinnonosa-ammattitaitovaatimukset": "Alla krav på yrkesskicklighet i grundernas examensdelar har inte lokaliserats",
    "peruste-validointi-tutkinnonosa-kuvaus": "Alla beskrivningar av examensdelarna har inte lokaliserats",
    "peruste-validointi-tutkinnonosa-nimi": "Alla examensdelars namn har inte lokaliserats",
    "peruste-validointi-tutkinnonosa-tavoitteet": "Alla examensdelars mål har inte lokaliserats",
    "peruste-validointi-vlk-lo": "Alla beskrivningar av mångsidiga kompetenser i årskurshelheterna har inte lokaliserats",
    "peruste-validointi-vlk-nimi": "Namnen på alla årskurshelheter har inte lokaliserats",
    "peruste-validointi-vlk-sisalto": "Innehållet i alla årskurshelheter har inte lokaliserats",
    "peruste-validointi-vlk-tehtava-otsikko": "Rubrikerna för uppdragen har inte lokaliserats i alla årskurshelheter",
    "peruste-validointi-vlk-tehtava-teksti": "Innehållstexterna har inte lokaliserats i alla årskurshelheters uppdrag",
    "perusteella-ei-viela-tutkinnonosia": "Grunderna har inte ännu några examensdelar",
    "perusteen-esikatselu": "Förhandsgranskning av grunderna",
    "perusteen-kielet": "Grundernas språk",
    "perusteen-koodi": "Examenskod",
    "perusteen-nimea-ei-ole-kaikilla-kielilla": "För grunderna har ej definierats namn på alla språk.",
    "perusteen-nimi": "Namn på grunderna",
    "perusteen-sisalto": "Innehållet i grunderna",
    "perusteen-termisto": "Begrepp",
    "perusteen-termisto-ohje": "I textstycket kan man hänvisa och visa förklaringen till begreppet. Begreppen är läroplansgrundsspecifika.",
    "perusteen-tiedot": "Uppgifter om grunderna",
    "perusteen-tiivistelma": "Sammandrag av grunderna",
    "perusteiden-sisalto": "Innehållet i grunderna",
    "perustepohja": "Botten",
    "perusteprojekti": "Projekt som gäller grunder",
    "perusteprojekti-koulutusala-placeholder": "<Ge utbildningsområde>",
    "perusteprojekti-koulutustyyppi-placeholder": "<Ange grundernas utbildnings-/examenstyp>",
    "perusteprojekti-nimi-placeholder": "<Ge projektets namn>",
    "perusteprojekti-perustenimi-placeholder": "<[Anna perusteen nimi]>",
    "perusteprojekti-tila-aseta": "Ange status för projektet som gäller grunderna",
    "perusteprojektin-pohjaksi-otetaan-peruste": "Som underlag för projektet tas grunderna",
    "perusteprojektit": "Projekt som gäller grunder",
    "perusteprojektit-otsikko": "Egna projekt som gäller grunder",
    "perustetyoryhman-tietojen-hakeminen-epaonnistui": "Det gick inte att söka uppgifter om arbetsgruppen som arbetar med grunderna.",
    "perustiedot": "Basuppgifter",
    "perustutkinto": "Yrkesinriktad grundexamen",
    "peruuta": "Ångra",
    "piilota": "Dölj",
    "piilota-aliviestit": "Dölj svaren",
    "piilota-kuvaukset": "Dölj beskrivningarna",
    "piilota-osaamiskokonaisuuden-kuvaus": "Dölj den allmänna beskrivningen av kompetenshelheten",
    "piilota-perusteen-teksti": "Dölj grundernas text",
    "piilota-ryhman-kuvaus": "Dölj gruppens beskrivning",
    "piilota-virheet": "Dölj felen",
    "pohja": "Botten",
    "pohjakoulutusvaatimukset": "Krav på grundutbildning",
    "poista": "Radera",
    "poista-kohdealue": "Radera",
    "poista-korostus": "Radera markeringen",
    "poista-koulutus": "[Poista koulutus]",
    "poista-oppiaine": "Radera läroämnet",
    "poista-oppimaara": "Radera lärokursen",
    "poista-osa-alue": "Radera delområdet",
    "poista-osaamiskokonaisuus": "Radera kompetenshelheten",
    "poista-osio": "Radera delen",
    "poista-projektista": "Radera från projektet",
    "poista-suosikeista": "Radera från favoriterna",
    "poista-tekstikappale-otsikko": "Radera textstycket",
    "poista-tekstikappale-teksti": "Textstycket \"{{nimi}}\" raderas. Är du säker?",
    "poista-tutkinnonosa": "Radera examensdelen",
    "poista-tyoryhma-teksti": "Arbetsgruppen \"{{nimi}}\" raderas. Är du säker?",
    "poista-vuosiluokkakokonaisuus": "Radera årskurshelheten",
    "poistetaanko-aihekokonaisuus": "Ska det valda temaområdet raderas?",
    "poistetaanko-kommentti": "Ska kommentaren raderas?",
    "poistetaanko-koulutus": "Ska utbildningskoden raderas?",
    "poistetaanko-kurssi": "Är du säker på att du vill ta bort kursen?",
    "poistetaanko-oppiaine": "Ska läroämnet raderas?",
    "poistetaanko-oppiaineen-osio": "Ska delen raderas? Innehållet i alla delarna raderas.",
    "poistetaanko-oppimaara": "Ska lärokursen raderas?",
    "poistetaanko-osaamiskokonaisuus": "Ska kompetenshelheten raderas?",
    "poistetaanko-osio": "Ska delen raderas?",
    "poistetaanko-ryhma": "Ska gruppen raderas?",
    "poistetaanko-termi": "Ska begreppet raderas?",
    "poistetaanko-tiedote": "Ska meddelandet raderas?",
    "poistetaanko-tutkinnonosa": "Ska examensdelen raderas?",
    "poistetaanko-tyoryhma": "Ska arbetsgruppen raderas?",
    "poistetaanko-vuosiluokkakokonaisuus": "Ska årskurshelheten raderas?",
    "poisto-onnistui": "Raderingen lyckades",
    "poistu": "Lämna",
    "poistu-sivulta": "Lämna sidan",
    "projekti-header-koulutusala": "Utbildningsområde",
    "projekti-header-koulutustyyppi": "Utbildnings-/examenstyp",
    "projekti-header-paatosPvm": "Datum för tillsättande av arbetsgruppen",
    "projekti-header-peruste": "[Peruste]",
    "projekti-peruste": "Uppgifter om grunderna",
    "projekti-perustiedot": "Basuppgifter",
    "projekti-projektiryhma": "Arbetsgrupp som arbetar med grunder",
    "projekti-projektiryhmä": "[Projektiryhmä]",
    "projekti-toimikausi": "Verksamhetsperiod",
    "projektin-nimi-label": "Projektets namn",
    "projektin-oid-label": "Arbetsgrupp som arbetar med grunder",
    "projektin-ryhma": "Projektets arbetsgrupp",
    "projektin-tiedot": "Projektets uppgifter",
    "projektipäällikkö": "[Projektipäällikkö]",
    "projektiryhma": "Projektgrupp",
    "puhelin": "Tel.",
    "päätöspvm-label": "Slutdatum",
    "rajaa-koulutuksenosia": "Avgränsa utbildningsdelarna",
    "rajaa-ryhmia": "Avgränsa grupper",
    "rajaa-tila": "Avgränsa status:",
    "rajaa-tuloksia": "Avgränsa...",
    "rajaa-tutkinnonosia": "Avgränsa examensdelarna...",
    "rajauksellasi-ei-löytynyt-vaihtoehtoa": "Avgränsningen gav inte resultat",
    "rakenne-validointi-laajuus": "Den totala omfattningen av delarna når inte upp till den krävda omfattningen",
    "rakenne-validointi-maara": "Antalet delar är mindre än gruppens maximum",
    "rakenne-validointi-uniikit": "Gruppen innehåller samma examensdelar",
    "rakennetta-ei-vielä-muodostettu": "Examens uppbyggnad har inte ännu skapats eller så är den tom. Skapa en ny uppbyggnad genom att redigera sidan.",
    "rakenteen-validointi-virhe": "Valideringsfel i uppbyggnaden",
    "rooli": "Roll",
    "ru": "Ryska",
    "ruotsi": "Svenska",
    "ruudukko": "Rutfält",
    "ryhman-osaamisalaa-ei-perusteella": "Gruppens kompetensområde har inte bestämts för grunderna",
    "ryhmien-hakeminen-epaonnistui": "Sökningen av grupper misslyckades.",
    "saadosperusta": "Rättslig grund",
    "salli-lukio-peruste-esikatseltavissa": "Tillåt förhandsgranskning",
    "se": "Samiska",
    "selaa": "Bläddra…",
    "selaa-perusteita": "Bläddra i grunderna",
    "selaa-perustetta": "Bläddra i grunderna",
    "selitys": "Förklaring",
    "siirtyma-edellisesta": "Övergång från föregående skede",
    "siirtyma-seuraavaan": "Övergång till följande skede",
    "siirtymaAlkaa": "Övergångstiden börjar",
    "siirtyman-kuvaus": "Avläggandet av examen som påbörjats enligt de här examensgrunderna kan slutföras under övergångstiden.",
    "siirtyman-paattyminen": "Övergångstiden upphör",
    "siirtymavaiheet": "Övergångsskeden",
    "sijainti": "[Sijainti]",
    "sisallon-kieli": "Innehållets språk",
    "sisalto": "Innehåll",
    "sisaltoalueen-nimi": "Innehållsområdets namn",
    "sisaltoalueet": "Innehållsområden",
    "sisaltoalueiden-kuvaus": "Beskrivning av innehållsområdena",
    "sivunavigointi-avaa-menu": "Öppna navigeringsmenyn",
    "sivunavigointi-sulje-menu": "Stäng navigeringsmenyn",
    "sivupalkki-näytä-kaikki": "Visa alla",
    "sivupalkki-piilota": "Visa mindre",
    "solu": "Cell",
    "soveltava": "Tillämpad",
    "soveltava-kurssi-kuvaus-header": "En allmän beskrivning av de nationella tillämpade kurserna",
    "soveltava-kurssi-kuvaus-placeholder": "En beskrivning (frivilligt) av de nationella tillämpade kurserna ",
    "soveltavat-kurssit": "Tillämpade kurser",
    "sulje": "Stäng",
    "sulje-kaikki": "Stäng allt",
    "suodattimet": "[Suodattimet]",
    "suomi": "Finska",
    "suorittaneen-osaaminen": "Kunnande hos den som har avlagt examen",
    "suosikin-nimi": "Favoritens namn",
    "suosikit-otsikko": "Favoriter",
    "suosikki": "Lägg till favoriter",
    "sv": "Svenska",
    "syventava": "Fördjupad",
    "syventava-kurssi-kuvaus-header": "En allmän beskrivning av de nationella fördjupade kurserna",
    "syventava-kurssi-kuvaus-placeholder": "En beskrivning (frivilligt) av de nationella fördjupade kurserna",
    "syventavat-kurssit": "Fördjupade kurser",
    "tahdella-pakolliset": "Alla fält markerade med stjärna (*) är obligatoriska",
    "takaisin": "Tillbaka",
    "takaisin-hakuun": "Tillbaka till sökningen",
    "takaisin-laadintaan": "Tillbaka till uppgörandet",
    "takaisin-paanakymaan": "Projektets huvudvy",
    "takaisin-tiedotteiden-hallintaan": "Tillbaka till hantering av meddelanden",
    "takaisin-ylos": "Tillbaka upp",
    "tallenna": "Spara",
    "tallenna-haku": "Spara sökningen",
    "tallenna-muutokset": "Spara ändringarna",
    "tallenna-nappi": "[Tallenna]",
    "tallenna-tyoryhma": "Spara arbetsgruppen",
    "tallennettiin-onnistuneesti": "sparandet lyckades",
    "tallennettu": "Sparad",
    "tallennus-onnistui": "Sparandet lyckades",
    "tallentamattomia-muutoksia": "Du har gjort ändringar som inte har sparats. Om du går bort från sidan förlorar du ändringarna.",
    "tallentaminen-epaonnistui": "Kunde inte sparas",
    "tarkastele-esitysta": "Granska i visningsvy",
    "tarkastele-versiota": "Granska versionen",
    "tarkennettu-haku": "Avancerad sökning",
    "tavoitteen-kuvaus-placeholder": "Lägg till en beskrivning av målet",
    "tavoitteet": "Mål",
    "tavoitteet-ja-keskeiset-sisallot": "Mål och centralt innehåll",
    "tavoitteet-ja-sisallot": "Mål och innehåll",
    "tavoitteiden-osaamiset": "Mångsidig kompetens",
    "tavoitteista-johdetut-oppimisen-tavoitteet": "Mål för lärandet som härletts ur målen för undervisningen",
    "tehtäväluokka-label": "Kategori",
    "tekstikappale": "Textstycke",
    "tekstikappale-kopioitu-onnistuneesti": "Textstycket har kopierats",
    "tekstikappale-tallennettiin-onnistuneesti": "Textstycket har sparats",
    "tekstikappaleet": "Textstycken",
    "tekstikappaleiden-tuonti-onnistui": "Hämtningen av textstycken lyckades",
    "tekstisisalto": "Innehåll",
    "tekstisisällön-tuonti": "Hämtning av textinnehåll",
    "termi": "Begrepp",
    "termi-plugin-button-label": "Hänvisning till begreppet",
    "termi-plugin-label": "Hänvisning till begreppet",
    "termi-plugin-label-teksti": "Text till vilken hänvisningen fogas",
    "termi-plugin-label-termi": "Begreppet som man hänvisar till",
    "termi-plugin-lisaa-uusi": "Lägg till ett nytt begrepp",
    "termi-plugin-menu-muokkaa": "Redigera hänvisningen till begreppet",
    "termi-plugin-menu-poista": "Radera hänvisningen till begreppet",
    "termi-plugin-select-placeholder": "Välj begrepp…",
    "termi-plugin-tallennettu": "Begreppet sparades. Du kan redigera det i vyn Begrepp.",
    "termi-plugin-title": "Lägg till hänvisning till begreppet eller redigera hänvisningen",
    "termi-plugin-virhe-teksti-tyhja": "Den text till vilken hänvisningen fogas kan inte vara tom.",
    "termi-plugin-virhe-viite-tyhja": "Välj begrepp till vilket du vill hänvisa.",
    "termia-ei-loytynyt": "Begreppet som du hänvisar till hittades inte",
    "termin-selitys": "Förklaring till begreppet",
    "termin-selitys-placeholder": "Skriv en förklaring till begreppet",
    "tiedosto": "Dokument",
    "tiedot": "Uppgifter",
    "tiedote": "Meddelande",
    "tiedote-julkinen": "offentlig",
    "tiedote-liittyy-perusteprojektiin": "Meddelandet hänför sig till ett projekt som gäller grunder",
    "tiedote-otsikko-placeholder": "Skriv en rubrik för meddelandet",
    "tiedote-teksti-placeholder": "Skriv meddelandets text",
    "tiedoteteksti": "Meddelandets text",
    "tiedotteet": "Meddelanden",
    "tietosuojaseloste": "Dataskyddsbeskrivning",
    "tiivistelma": "Sammandrag",
    "tila": "Status",
    "tila-julkaistu": "Publicerad",
    "tila-kommentointi": "Kommentering",
    "tila-laadinta": "Under arbete",
    "tila-poistettu": "Arkiverad",
    "tila-valmis": "Färdig",
    "tila-viimeistely": "Finslipning",
    "tilakuvaus-kaannos": "Beskrivning till status Översättning",
    "tilakuvaus-kommentointi": "Grunderna anges vara i status Kommentering när de är utanför tjänsten på kommenterings- eller utlåtanderunda. Grunderna kan inte redigeras när de är i denna status. När kommenterings- eller utlåtandefasen är över återförs grunderna till status Under arbete för redigering.",
    "tilakuvaus-laadinta": "Grunderna kan göras upp och redigeras.",
    "tilakuvaus-poistettu": "Versionen av grunderna behövs inte längre vid uppgörandet av grunderna. En version som har överförts till status Raderad kan vid behov återföras till status Under arbete.",
    "tilakuvaus-viimeistely": "Utkastet till grunderna är klart för finslipning vid Utbildningsstyrelsen. Statusen möjliggör språkkontroll och översättning av grunderna. Ett utkast till grunder som överförts till status Finslipning kan vid behov återföras till status Under arbete med de användarrättigheter som ägaren till processen för grunderna har.",
    "tilan-vaihto-epaonnistui": "Ändringen av status misslyckades",
    "tilanvaihdos-aiheuttaa": "Denna ändring av status orsakar följande:",
    "tilanvaihdos-kommentointi-laadinta": "Beskrivning av övergången från status Kommentering till status Under arbete.",
    "tilanvaihdos-kommentointi-poistettu": "Beskrivning av övergången från status Kommentering till status Raderad.",
    "tilanvaihdos-laadinta-kommentointi": "Beskrivning av övergången från status Under arbete till status Kommentering.",
    "tilanvaihdos-laadinta-poistettu": "Beskrivning av övergången från status Under arbete till status Arkiverad.",
    "tilanvaihdos-laadinta-viimeistely": "Beskrivning av övergången från status Under arbete till status Finslipning.",
    "tilanvaihdos-poistettu-laadinta": "Beskrivning av övergången från status Raderad till status Under arbete.",
    "tilanvaihdos-valmis-julkaistu": "Beskrivning av övergången från status Färdig till status Publicerad.",
    "tilanvaihdos-valmis-poistettu": "Beskrivning av övergången från status Färdig till status Raderad.",
    "tilanvaihdos-valmis-viimeistely": "Beskrivning av övergången från status Färdig till status Finslipning.",
    "tilanvaihdos-viimeistely-laadinta": "Beskrivning av övergången från status Finslipning till status Under arbete.",
    "tilanvaihdos-viimeistely-poistettu": "Beskrivning av övergången från status Finslipning till status Raderad.",
    "tilanvaihdos-viimeistely-valmis": "Beskrivning av övergången från status Finslipning till status Färdig.",
    "tilanvaihtovirhe-header": "Ändring av projektets status lyckades inte",
    "toimikausi-alku-label": "Verksamhetsperiodens start",
    "toimikausi-loppu-label": "Verksamhetsperiodens slut",
    "toiminto": "Funktion",
    "tulossa-kohta": "På kommande",
    "tulosta-sivu": "Skriv ut sidan",
    "tuo": "Hämta",
    "tuo-excel": "Hämta Excel",
    "tuo-excel-tiedostosta": "Hämta från Excelfilen...",
    "tuo-nykyisesta-perusteesta": "Hämta från de nuvarande grunderna",
    "tuo-osaamistavoite": "Hämta mål för kunnandet",
    "tuo-peruste": "Hämta grunder",
    "tuo-perustepohja": "Hämta botten för grunderna",
    "tuo-tutkinnonosa": "Hämta examensdel",
    "tuo-tutkintokohtainen-osa": "Hämta textstycke",
    "tuo-valitut": "Hämta valda",
    "tutke2-osalta-puuttuu-osa-alue-koodi": "Det fattas kod för delområden av examensdelar",
    "tutkinnon-koodi": "Examens kod",
    "tutkinnon-muodostuminen": "Uppbyggnaden av examen",
    "tutkinnon-muodostuminen-muokkaus": "Redigera examens uppbyggnad",
    "tutkinnon-osa-ei-sisaltoa": "Examensdelen har inget innehåll.",
    "tutkinnon-osa-ei-sisaltoa-ohje": "Lägg till delar genom att välja \"Lägg till del\".",
    "tutkinnon-osa-haku-placeholder": "Avgränsa examensdelarna...",
    "tutkinnon-osa-rakenteessa-ei-voi-poistaa": "Examensdelen kan inte raderas, eftersom den används i examens uppbyggnad. Radera hänvisningen från tabellen först.",
    "tutkinnon-osa-rakenteesta-poistettu": "Examensdelen har raderats.",
    "tutkinnon-osan-asetettua-koodia-ei-koodistossa": "Examensdelens kod finns inte bland koderna",
    "tutkinnon-osan-koodi-kaytossa": "Den kod som valdes för examensdelen används redan",
    "tutkinnon-osia-ei-loytynyt": "Examensdelar hittades inte.",
    "tutkinnon-osien-koodit-kaytossa-muissa-tutkinnon-osissa": "Examensdelens koder används redan i andra delar av grunderna",
    "tutkinnon-rakenne": "Examensstruktur",
    "tutkinnon-rakenteen-kuvaus": "Beskrivning av examensstrukturen",
    "tutkinnon-suorittaneen-ammatillinen-osaaminen": "I examen påvisat yrkeskunnande",
    "tutkinnon-taso": "Examensnivå",
    "tutkinnon-tyyppi": "Examens typ",
    "tutkinnon-virallinen-asema": "Examens officiella ställning",
    "tutkinnonOsa": "[Tutkinnon osa]",
    "tutkinnonosa": "Examensdel",
    "tutkinnonosa-ammattitaidonOsoittamistavat": "[Ammattitaidon osoittamistavat]",
    "tutkinnonosa-ammattitaitovaatimukset": "Krav på yrkesskicklighet",
    "tutkinnonosa-arviointi": "[Arviointi]",
    "tutkinnonosa-jarjestysnumero": "Ordningsnummer",
    "tutkinnonosa-koko": "Storlek",
    "tutkinnonosa-kopioitu-onnistuneesti": "Examensdelen har kopierats",
    "tutkinnonosa-laajuus": "Omfattning",
    "tutkinnonosa-nimi": "Namn",
    "tutkinnonosa-osaamisala": "[Osaamisala]",
    "tutkinnonosa-save-fail": "Följande examensdelar kunde inte sparas:",
    "tutkinnonosa-tavoitteet": "Mål",
    "tutkinnonosa-tunnustaminen": "Erkännande",
    "tutkinnonosat": "Examensdelar",
    "tutkinnosta-paattava-viranomainen": "Namn och status på den nationella/regionala myndighet som fattar beslut om examen",
    "tutkintokoodi": "Examenskod",
    "tutkintonimike": "Examensbenämning",
    "tutkintonimike-poistettu-onnistuneesti": "Examensbenämningen har raderats",
    "tutkintonimikkeen-lisays-epaonnistui": "Examensbenämningen kunde inte läggas till",
    "tutkintonimikkeen-lisays-onnistui": "Examensbenämningen har lagts till",
    "tutkintonimikkeen-vaatimaa-tutkinnonosakoodia-ei-loytynyt-tutkinnon-osilta": "Den examensdelskod som examensbenämningen kräver hittades inte i någon examensdel",
    "tutkintonimikkeet": "Examensbenämningar",
    "tutkintotodistuksen-antaja": "Namn och status på den som utfärdat slutbetyget",
    "tutkintotodistuksen-saaminen": "Officiellt erkända sätt för att erhålla slutbetyget",
    "tyhja-placeholder-aihekokonaisuudet": "Temaområden har inte lagts till.",
    "tyhja-placeholder-kurssit": "Kurser har inte lagts till",
    "tyhja-placeholder-opetuksen-yleiset-tavoitteet": "De allmänna målen för undervisningen har inte lagts till. ",
    "tyhja-placeholder-oppiaineet": "Läroämnen har inte lagts till.",
    "tyhja-placeholder-oppiaineet-oppimaarat": "Lärokurser har inte lagts till.",
    "tyhja-placeholder-osaaminen": "Kompetenshelheter har inte lagts till.",
    "tyhja-placeholder-vuosiluokat": "Årskurshelheter har inte lagts till.",
    "tyhjenna": "Töm",
    "tyhjenna-rajaus-tooltip": "Töm avgränsningen (Esc)",
    "tyhjenna-valinnat": "Gå tillbaka till början",
    "tyoryhma": "Arbetsgrupp",
    "tyoryhman-nimi": "Arbetsgruppens namn",
    "tyotehtavat-joissa-voi-toimia": "Den som har avlagt examen kan arbeta med följande uppgifter",
    "tyyppi": "Typ",
    "tyyppi-tutkintokohtainen": "Examensspecifik",
    "tyyppi-yhteinen": "Gemensam",
    "ui-kieli": "Användargränssnittets språk",
    "useita-oppimaaria": "Flera lärokurser",
    "uusi-oppiaine": "Nytt läroämne",
    "uusi-oppimaara": "Ny lärokurs",
    "uusi-osaaminen": "Mångsidig kompetens - ny kompetenshelhet",
    "uusi-perustepohja": "Ny botten",
    "uusi-perusteprojekti": "Skapa ett nytt projekt som gäller grunder",
    "uusi-projekti": "Nytt projekt",
    "uusi-projekti-otsikko": "Nytt projekt som gäller grunder",
    "uusi-termi": "Lägg till ett nytt begrepp",
    "uusi-tiedote": "Lägg till ett meddelande",
    "uusi-tutkinnon-osa": "<Nytt innehåll>",
    "uusi-tutkinnonosa": "<Ny examensdel>",
    "uusi-vuosiluokkakokonaisuus": "Ny årskurshelhet",
    "vahvista": "Bekräfta",
    "vahvista-liikkuminen": "Bekräfta att du vill förflytta dig",
    "vahvista-palautus": "Bekräfta återställande",
    "vahvista-palautus-sisältö": "Vill du återställa namnet på projektet {{ nimi }}?  Projektets innehåll återställs och dess status blir: {{ tila }}",
    "vahvista-poisto": "Bekräfta raderingen",
    "vahvista-version-palauttaminen": "Bekräfta att du vill återställa versionen",
    "vahvista-version-palauttaminen-teksti": "Vill du ta denna version ({{versio}}) i bruk? Av versionen skapas en kopia och en ny version skapas av denna.",
    "vain-käyttämättömät": "Visa dem som inte används",
    "valinnaiset-osaamistavoitteet": "Valbara mål för kunnande",
    "valitse": "Välj",
    "valitse-diaarinumero": "Välj diarienummer",
    "valitse-jasenet": "Välj medlemmar",
    "valitse-kaikki": "Välj allt",
    "valitse-kieli": "Välj språk",
    "valitse-koulutustyyppi": "Välj utbildnings-/examenstyp",
    "valitse-nimi": "Välj namn",
    "valitse-peruste": "[Valitse peruste]",
    "valitse-suodatin": "Valitse suodatin",
    "valitse-tehtäväluokka": "Välj kategori",
    "valitse-tyoryhmat": "Välj arbetsgrupper",
    "valmaarviointi-arviointi-kuvaus": "Beskrivning",
    "valmaarviointi-uusi-arviointi-placeholder": "Kriterium",
    "valmaarviointi-uusi-kohde": "Föremål  ",
    "valmaarviointi-uusi-kriteeri": "Nytt kriterium",
    "valmaarviointi-uusi-tavoite-placeholder": "Mål",
    "valmis": "Färdig",
    "valtakunalliset-syventavat-kurssit": "Nationella fördjupade kurser",
    "valtakunnallinen": "Nationell",
    "valtakunnalliset-pakolliset-kurssit": "Obligatoriska kurser",
    "valtakunnalliset-soveltavat-kurssit": "Nationella fördjupade kurser",
    "vapaa-tekstisisalto": "Fritt textinnehåll",
    "varmista-osion-poisto-otsikko": "Bekräfta att du vill radera delen",
    "varmista-osion-poisto-teksti": "Vill du radera delen? Du förlorar allt innehåll i delen.",
    "varmista-poisto": "Bekräfta raderingen",
    "varmista-poisto-suosikki-teksti": "Är du säker på att du vill radera favoriten?",
    "vastaa": "Svara",
    "versio": "Version",
    "versiohistoria": "Versionshistorik",
    "vieras": "Främmande",
    "vierastutkinnonosa": "Främmande examensdel",
    "vierastutkinto-ei-muita-ryhmia": "En främmande examensgrupp kan inte innehålla andra grupper.",
    "vierastutkinto-pitaa-olla-vierastutkintoryhmassa": "En främmande examensdel måste finnas i en främmande examensgrupp.",
    "viesti": "Meddelande",
    "viesti-poistettu": "Meddelandet har raderats",
    "virhe": "Fel",
    "virhe-muu": "Fel",
    "virhe-perusteenosaa-ei-löytynyt": "Den examensdel som du sökte hittades inte",
    "virhe-sivua-ei-löytynyt": "Sidan hittades inte",
    "virhe-tekstikappaletta-ei-löytynyt": "Det textstycke som du sökte hittades inte",
    "virhe-tiedosto-epäonnistui": "Det gick inte att öppna filen",
    "virhe-tilan-vaihtamisessa": "Fel vid ändring av status",
    "virhe-tutkinnonosaa-ei-löytynyt": "Den examensdel som du sökte hittades inte",
    "virhe.jotain-meni-pieleen": "Oj då! Någonting gick fel.",
    "voimaantulo-pvm": "Träder i kraft",
    "voimassaolo": "Giltighet",
    "voimassaolo-paattymispvm": "Giltigheten upphör",
    "voimassaoloAlkaa": "Giltigheten börjar",
    "voimassaoloLoppuu": "Giltigheten upphör",
    "vuosiluokat": "Årskurser",
    "vuosiluokka": "Årskurs",
    "vuosiluokka_1": "Årskurs 1",
    "vuosiluokka_2": "Årskurs 2",
    "vuosiluokka_3": "Årskurs 3",
    "vuosiluokka_4": "Årskurs 4",
    "vuosiluokka_5": "Årskurs 5",
    "vuosiluokka_6": "Årskurs 6",
    "vuosiluokka_7": "Årskurs 7",
    "vuosiluokka_8": "Årskurs 8",
    "vuosiluokka_9": "Årskurs 9",
    "vuosiluokkakokonaisuuden-osaamisalueet": "Kompetensområden inom årskurshelheten",
    "vuosiluokkakokonaisuuden-tehtava": "Årskurshelhetens uppdrag",
    "vuosiluokkakokonaisuudet": "Årskurshelheterna",
    "vuosiluokkakokonaisuus": "Årskurshelhet",
    "yhteiset-osuudet": "Gemensamma delar",
    "yhteistyotaho-label": "Avtalspart",
    "yhteys-palvelimeen-poikki": "Förbindelsen till tjänsten har brutits.",
    "yksi-oppimaara": "En lärokurs",
    "yksikko": "Enhet",
    "yleiset-osuudet": "Allmänna delar",
    "yleiset-tavoitteet": "Allmänna mål",
    "yleisettavoitteet-ei-otsikkoa": "De allmänna målen för undervisningen har inte ännu definierats ",
    "yleisettavoitteet-kuvaus-placeholder": "En beskrivning av de allmänna målen",
    "ylikirjoita-uusi-sisältö": "Fortsätt redigera",
    "ylikirjoittaessasi-voit-palauttaa": "När du fortsätter kan du skriva över ändringar som andra har gjort. De blir kvar i ändringshistoriken och du kan återställa dem därifrån"
}
