{
    "aihekokonaisuudet": "Aihekokonaisuudet",
    "aihekokonaisuudet-ei-otsikkoa": "Aihekokonaisuuksien yleiskuvausta ei ole vielä määritelty",
    "aihekokonaisuudet-palautettu": "Valittu versio palautettu onnistuneesti",
    "aihekokonaisuudet-yleiskuvaus-placeholder": "Kirjoita aihekokonaisuuksien yleiskuvaus",
    "aihekokonaisuus-palautettu": "Valittu versio palautettu onnistuneesti",
    "aihekokonaisuus-yleiskuvaus-placeholder": "Kirjoita aihekokonaisuuden yleiskuvaus",
    "aikuistenperusopetus": "Aikuistenperusopetus",
    "aipe-opetuksen-sisalto-puuttuu": "Aikuisten perusopetuksen sisältö puuttuu",
    "aipe-oppiaine-palautettu": "AIPE oppiaine palautettu",
    "aipe-vaihe-palautettu": "AIPE vaihe palautettu",
    "ajo-kaynnistetty": "Ajo käynnistetty",
    "alkuun": "Alkuun",
    "aloita-raahaamalla-puuhun": "Tuo ryhmiä tai tutkinnon osia tähän.",
    "aloitus-ennen-lopetusta": "Toimikauden aloituspäivämäärän täytyy olla ennen päättymisajankohtaa.",
    "ammatillinen-aikuiskoulutus": "Ammatillinen aikuiskoulutus",
    "ammatillinen-peruskoulutus": "Ammatillinen peruskoulutus",
    "ammatillinenaikuiskoulutus": "Ammatillinen aikuiskoulutus",
    "ammatillinenperuskoulutus": "Ammatillinen peruskoulutus",
    "ammattitaidonOsoittamistavat": "Ammattitaidon osoittaminen",
    "ammattitaito-ammattitaitovaatimuskoodi-placeholder": "Ammattitaitovaatimuskoodi",
    "ammattitaito-kohdealueet": "Kohdealueet",
    "ammattitaito-uusi-kohde": "Lisää kohdealue",
    "ammattitaito-uusi-kohde-placeholder": "Kohteen nimi (ei pakollinen)",
    "ammattitaito-uusi-kohdealue": "Lisää kohdealue",
    "ammattitaito-uusi-kohdealue-placeholder": "Kohdealueen nimi",
    "ammattitaito-uusi-vaatimus-placeholder": "Ammattitaitovaatimuksen teksti",
    "ammattitaitovaatimukset": "Ammattitaitovaatimukset",
    "ammattitaitovaatimukset-koodistoon": "Ammattitaitovaatimukset koodistoon",
    "ammattitaitovaatimukset-muualla": "Ammattitaitovaatimukset jotka käytössä muualla",
    "ammattitaitovaatimuksetLista": "Ammattitaitovaatimukset",
    "ammattitaitovaatimusten-hallinta": "Ammattitaitovaatimusten hallinta",
    "ammattitaitovaatimus-koodisto-puute": "Syötetty ammattitaitovaatimus löytyy jo koodistosta.",
    "ammattitutkinto": "Ammattitutkinto",
    "anna-diaarinumero-placeholder": "Syötä diaarinumero",
    "anna-oppaan-nimi-placeholder": "Anna oppaan nimi",
    "anna-paatos-pvm": "Anna päätöspäivämäärä",
    "anna-projektin-nimi-placeholder": "Syötä projektin nimi",
    "anna-päätöspäivämäärä": "Syötä päätöspäivämäärä",
    "anna-siirtyman-paattymis-pvm": "Anna siirtymän päättymispäivä",
    "anna-toimikausi_alku": "Syötä toimikauden aloituspäivämäärä",
    "anna-toimikausi_loppu": "Syötä toimikauden päättymispäivämäärä",
    "anna-voimaantulo-loppu-pvm": "Anna voimassaolon päättymispäivämäärä",
    "anna-voimaantulo-pvm": "Anna voimaantulopäivämäärä",
    "anna-yhteistyotaho-placeholder": "Syötä sopimusosapuoli",
    "annettu-arvo": "Annettu arvo",
    "arvio-itse": "Arvioi itse.",
    "arvioinnin-kohde": "Arvioinnin kohde",
    "arvioinnin-kohdealue": "Arvioinnin kohdealue",
    "arvioinnin-kuvaus": "Arvioinnin kuvaus",
    "arvioinnin-otsikko": "Arvioinnin otsikko",
    "arviointi": "Osaamisen arviointi",
    "arviointi-asteikon-valinta": "Valitse arviointiasteikko",
    "arviointi-kohdealueet": "Arvioinnin tavoitealueet",
    "arviointi-paallekkaisia-osaamisia": "Tallennus epäonnistui: päällekkäisiä osaamisen kuvauksia.",
    "arviointi-poista-kriteeri": "Poista rivi",
    "arviointi-uusi-kohde": "Lisää arvioinnin kohde",
    "arviointi-uusi-kohde-placeholder": "Kohteen nimi (ei pakollinen)",
    "arviointi-uusi-kohde-selite-placeholder": "Kohteen selite",
    "arviointi-uusi-kohdealue": "Lisää ammattitaitovaatimus tekemisenä",
    "arviointi-uusi-kohdealue-placeholder": "Tavoitealueen nimi",
    "arviointi-uusi-kriteeri": "Lisää rivi",
    "arviointi-uusi-kriteeri-placeholder": "Kriteerin teksti",
    "arviointi-vuosiluokan-paatteeksi": "Arviointikriteerit vuosiluokkakokonaisuuden päätteeksi",
    "arviointiasteikko": "Arviointiasteikko",
    "arviointiasteikkojen-päivitys-onnistui": "Arviointiasteikkojen päivitys onnistui",
    "arviointiasteikot": "Arviointiasteikot",
    "arviointiasteikot-ohje": "Täältä voi muuta arviointiasteikkojen osaamisalojen tekstejä ja järjestyksiä.",
    "arvion-hyva-osaaminen": "Hyvä / arvosanan kahdeksan osaaminen",
    "arvion-kuvaus": "Arvion kuvaus",
    "arvo-askelvirhe": "Arvon hyväksytty askelväli on {{step}}",
    "arvo-ei-desimaaliluku": "Arvon täytyy olla desimaaliluku",
    "arvo-ei-kokonaisluku": "Arvon täytyy olla kokonaisluku",
    "arvo-ei-numero": "Arvon täytyy olla numero",
    "arvo-rajojen-ulkopuolella": "Arvon pitää olla välillä {{min}} - {{max}}",
    "arvosana-asteikko": "Arvosana-asteikko/hyväksymisvaatimukset",
    "arvosana-asteikkoa-ei-valittu": "Arvosana-asteikkoa ei asetettu",
    "arvosanat": "Arvosanat",
    "aseta-tila": "Aseta tila",
    "asteikon-nimi": "Asteikon nimi",
    "avaa": "Avaa",
    "avaa-leikelauta": "Avaa leikelauta",
    "avaa-sulje-kaikki": "Avaa/sulje kaikki",
    "avaa-sulje-rakenne": "Avaa / sulje rakenne",
    "copyright-opetushallitus": "Copyright © Opetushallitus 2016",
    "diaari-jo-listalla": "Diaarinumero on jo valittu",
    "diaarinumero-ei-validi": "Diaarinumero ei ole validi. Diarinumeron pitää olla muotoa XXX/XXX/XXXX tai OPH-XXXXX-XXXX",
    "diaarinumero-kaytossa": "Diaarinumero on jo käytössä",
    "diaarinumero-label": "Diaarinumero",
    "diaarinumerolla-jyraa-vanhan": "Valitsemalla saman diaarinumeron vanha peruste korvaantuu julkaisun yhteydessä",
    "dokumentin-luonti-epaonnistui": "PDF-dokumentin luonti epäonnistui",
    "dokumentin-tila": "PDF-dokumentin tila",
    "dokumentti-luotu": "PDF-dokumentin luonti onnistui",
    "edellinen": "Edellinen",
    "editoimasi-sisältö-on-muuttunut": "Muokkaamasi sisältö on muuttunut",
    "ei": "Ei",
    "ei-asetettu": "Ei asetettu",
    "ei-korvattavia-perusteita": "Yhtään korvattavaa perustetta ei ole valittu",
    "ei-koulutuksia": "Ei koulutuskoodeja",
    "ei-kuvausta": "[Ei kuvausta]",
    "ei-kuvia": "Ei kuvia",
    "ei-oppimaaria": "Oppimääriä ei ole lisätty",
    "ei-osa-alueita": "Ei osa-alueita.",
    "ei-osaamisalan-kuvausta": "Ei osaamisalan kuvausta",
    "ei-projekteja": "Sinulla ei ole käynnissä olevia perusteprojekteja.",
    "ei-päättymis-päivämäärää": "Ei määritetty",
    "ei-sallittuja-toimintoja": "Ei sallittuja toimintoja",
    "ei-suosikkeja": "Et ole lisännyt vielä suosikkeja.",
    "ei-tekstikappaleita": "Yhtään tekstikappaletta ei löytynyt.",
    "ei-termeja": "Yhtään käsitettä ei ole määritelty.",
    "ei-tiedotteita": "Ei tiedotteita.",
    "ei-tiivistelmaa": "Ei tiivistelmää",
    "ei-tuloksia": "Ei tuloksia rajauksellasi",
    "ei-tutkintonimikkeita ": "Ei tutkintonimikkeitä",
    "ei-tutkintonimikkeita": "Ei tutkintonimikkeitä",
    "ei-valintaa": "Ei valintaa",
    "ei_ole": "Dokumenttia ei ole luotu.",
    "email": "Email",
    "en": "Englanti",
    "eperusteet": "ePerusteet",
    "eperusteet-otsikko": "ePerusteet",
    "eperusteet-virkailija-linkki": "Virkailijanäkymään",
    "epimage-plugin-button-label": "Kuva",
    "epimage-plugin-hylatty": "Voit ladata vain jpg- tai png-tyyppisiä kuvia.",
    "epimage-plugin-label": "Kuva",
    "epimage-plugin-label-epimage": "Kuva",
    "epimage-plugin-lisaa-uusi": "Lataa uusi kuva",
    "epimage-plugin-menu-muokkaa": "Muokkaa kuvaa",
    "epimage-plugin-menu-poista": "Poista kuva",
    "epimage-plugin-select-placeholder": "Valitse kuva...",
    "epimage-plugin-tallennettu": "Kuva tallennettu.",
    "epimage-plugin-title": "Lisää kuva",
    "epimage-plugin-valitse": "Valitse tiedosto...",
    "epimage-plugin-virhe-kuva-tyhja": "Valitse kuva.",
    "epimage-plugin-virhe-viite-tyhja": "Lisättävää kuvaa ei ole valittu.",
    "eqf": "Eurooppalainen tutkintojen viitekehys",
    "erikoisammattitutkinto": "Erikoisammattitutkinto",
    "esikatselu-varoitus": "Opetussuunnitelma on vielä kesken.",
    "esiopetus": "Esiopetus",
    "esitys": "Esitys",
    "et-ole-lisannyt-viela-tutkintonimikkeita": "Tutkintonimikkeitä ei ole vielä lisätty",
    "et-ole-viela-tallentanut-koulutuksenosia": "Et ole vielä liittänyt kaikkia koulutuksen osia perusteeseen",
    "et-ole-viela-tallentanut-tutkinnonosia": "Et ole vielä liittänyt kaikkia tutkinnon osia perusteeseen",
    "et-ole-vielä-tallentanut-tekstikappaleita": "Et ole vielä liittänyt kaikkia tekstikappaleita perusteeseen",
    "et-ole-vielä-tallentanut-tutkinnonosia": "Et ole vielä liittänyt kaikkia tutkinnon osia perusteeseen",
    "etsi-oppaista": "Etsi oppaista",
    "etsi-perusteprojekteista": "Etsi perusteprojekteista...",
    "etsi-rakenteesta": "Etsi rakenteesta...",
    "etsi-sisallosta": "Rajaa sisältöä...",
    "etsi-tiedotteista": "Etsi tiedotteista",
    "etusivu": "Etusivu",
    "etusivu.ammatilliset": "Ammatillinen koulutus",
    "etusivu.eperusteet": "ePerusteet",
    "etusivu.eperusteet.kuvaus": "ePerusteet-palvelussa voit tutustua voimassa oleviin opetussuunnitelmien ja tutkintojen perusteisiin. Perusteita julkaistaan palvelussa vaiheittain.",
    "etusivu.esiopetuksen-peruste": "Esiopetuksen peruste",
    "etusivu.hae-muita-opseja": "Hae muita opetussuunnitelmia",
    "etusivu.lukiokoulutuksen-peruste": "Lukiokoulutuksen peruste",
    "etusivu.nayta-kaikki-uutiset": "Näytä kaikki uutiset",
    "etusivu.paikalliset-opsit": "Paikalliset opetussuunnitelmat",
    "etusivu.perusopetuksen-peruste": "Perusopetuksen peruste",
    "etusivu.tiedotteet": "Tiedotteet",
    "etusivu.uusimmat-ammatilliset": "Uusimmat ammatillisen koulutuksen perusteet",
    "etusivu.uusimmat-perusteet": "Uusimmat ePerusteet",
    "etusivu.uutisia": "Uutisia",
    "etusivu.valtakunnalliset-perusteet": "Valtakunnalliset ePerusteet",
    "etusivulle": "Etusivulle",
    "excel": "Excel",
    "excel-avataan-tiedostoa": "Avataan tiedostoa",
    "excel-ei-kahta-samaa": "Tutkintokoodin täytyy olla uniikki",
    "excel-luetaan-tekstikappaleita": "Luetaan tekstikappaleita",
    "excel-luetaan-tutkinnonosia": "Luetaan tutkinnonosia",
    "excel-parsitaan-perustietoja": "Luetaan perustietoja",
    "excel-tiedostossasi-oli-virheita": "Excel-tiedostossasi oli virheitä",
    "excel-tiedostossasi-oli-virheitä": "Excel-tiedostossasi oli virheitä",
    "fi": "Suomi",
    "geneerinenarviointi": "Geneerinen arviointi",
    "hae-koodi": "Hae koodi",
    "hae-koodistosta": "Hae koodistosta",
    "hae-perusteita": "Hae perusteita",
    "hae-perusteprojekteja": "Hae perusteprojekteja",
    "hae-ryhma": "Hae ryhmä",
    "hae-tutkinnon-osia": "Hae tutkinnon osia",
    "haetaan-koodistosta": "Haetaan koodistosta...",
    "haetaan-koulutuksen-osia": "Haetaan koulutuksen osia...",
    "haetaan-ryhmia": "Haetaan ryhmiä...",
    "haetaan-tutkinnon-osia": "Haetaan tutkinnon osia...",
    "haetaan-tyoryhmia": "Haetaan työryhmiä",
    "haku": "Haku",
    "haku-hakuehdot": "Hakuehdot",
    "haku-kaikki-alat": "Kaikki koulutusalat",
    "haku-kaikki-opintoalat": "Kaikki opintoalat",
    "haku-kaikki-tutkinnot": "Kaikki tutkinnot",
    "haku-kieli": "Kieli",
    "haku-koulutuksen-nimi-placeholder": "Koulutuksen nimi",
    "haku-koulutusala": "Koulutusala",
    "haku-nayta-siirtymaajalla-olevat": "Näytä siirtymäajalla olevat",
    "haku-nimi": "Nimi",
    "haku-opintoala": "Opintoala",
    "haku-otsikko": "Perusteen haku",
    "haku-tulosten-maara": "Löydettyjen perusteiden määrä:",
    "haku-tutkinnon-nimi-placeholder": "Tutkinnon nimi",
    "haku-tyyppi": "Tyyppi",
    "haku-voimaantulopvm": "Voimaantulopvm.",
    "hallinta": "Hallinta",
    "hallintapaneeli": "Hallintapaneeli",
    "haluatko-jatkaa": "Haluatko jatkaa?",
    "haluatko-varmasti-avata": "Haluatko varmasti avata geneerisen arviointisteikon muokattavaksi? Tämän jälkeen arviointi ei tulee valittavaksi tutkinnon osiin.",
    "haluatko-varmasti-julkaista": "Haluatko varmasti julkaista geneerisen arviointisteikon? Tämän jälkeen arviointi tulee valittavaksi tutkinnon osiin eikä sitä voi poistaa.",
    "haluatko-varmasti-poistaa-osion": "Haluatko varmasti poistaa osion?",
    "haluatko-varmasti-ottaa-arvioinnin-kayttoon": "Haluatko varmasti muuttaa arvioinnin valittavaksi? Tämän jälkeen arvioinnin voi valita tutkinnoille.",
    "haluatko-varmasti-poistaa-arvioinnin-kaytosta": "Haluatko varmasti poistaa arvioinnin valittavuuden? Tämän jälkeen arviointia ei voi enää valita tutkinnoille.",
    "huom": "Huom!",
    "isced": "ISCED",
    "jarjesta": "Järjestä",
    "jarjestysnumero": "Järjestysnumero",
    "jatkoopinto-kelpoisuus": "Jatko-opintokelpoisuus",
    "jnro": "Järjestysnumero",
    "joku-toinen-on-muokannut-dokumenttia": "Joku toinen henkilö on muokannut dokumenttia. Voit joko perua omat muutoksesi tai jatkaa dokumentin editointia ja ylikirjoittaa toisen muutokset.",
    "jonossa": "Luonti on jonossa",
    "julkaise": "Julkaise",
    "julkaistua-ei-voi-poistaa": "Kertaalleen jo julkaistua ei voi poistaa.",
    "julkaisu-korvaa-perusteet": "Peruste korvaa seuraavat käytössä olevat perusteet:",
    "julkaisu-onnistui": "Julkaisu onnistui",
    "julkinen-tiedote": "Julkinen tiedote",
    "julkinen-tiedote-header": "Julkinen",
    "järjestelmävirhe-alku": "Tapahtui järjestelmävirhe ",
    "järjestelmävirhe-loppu": ". Ole hyvä ja yritä uudelleen. Jos ongelma toistuu ota yhteyttä palvelun ylläpitäjään.",
    "kaannettava-ohje": "Perusteen osa on valmis käännettäväksi",
    "kaannos": "Käännös",
    "kaikki": "Kaikki",
    "kaikki-ilman-arkistoituja": "Kaikki",
    "kaikki-kommentit": "Projektin kommentit",
    "kaikki-koulutustyypit": "Kaikki koulutustyypit",
    "kansainvaliset-sopimukset": "Kansainväliset sopimukset",
    "kasitteet": "Käsitteet",
    "katselet-vanhaa-versiota": "Tarkastelet vanhaa versiota sivusta.",
    "katso-uusin-versio": "Katso uusin versio",
    "kaynnista": "Käynnistä",
    "kayttaja": "Käyttäjä",
    "kayta-koodistosta": "Käytä koodistosta",
    "kelvoton-pvm": "Kelvoton päivämäärä",
    "keskeiset-sisallot": "Keskeiset sisällöt",
    "keskeiset-sisaltoalueet": "Keskeiset sisältöalueet",
    "keskustelu": "Keskustelu",
    "kieli": "Kieli",
    "kielikasvatus": "Kielikasvatus",
    "kielikasvatus-kuvaus-header": "Kielikasvatus",
    "kirjanmerkilla-pitaa-olla-nimi": "Kirjanmerkillä pitää olla nimi",
    "kohde": "Kohde",
    "kohdealue": "Tavoitealue",
    "kohdealueet": "Tavoitealueet",
    "koko-tutkinnon-muodostuminen": "Tutkinnon koko ja laajuus",
    "kommentoi-muutosta": "Kommentoi muutosta",
    "kommentointi": "Kommentointi",
    "kommentti": "Kommentti",
    "kommentti-ei-saa-ylittaa": "Kommentti ei saa olla yli {{ maara }} merkkiä pitkä.",
    "kommentti-poistettu": "Kommentti poistettiin onnistuneesti",
    "koodi": "Koodi",
    "koodi-ei-liitetty": "Tutkinnon osa",
    "koodi-ei-loydy": "Yhtään valittavaa koodia ei löytynyt",
    "koodi-lisays-varmistus": "Lisätäänkö tutkinnon osan nimi koodistoon?",
    "koodi-puuttuu": "Koodi puuttuu",
    "tiedosto-puuttuu": "Tiedostoa ei ole valittu",
    "tiedosto-lahetys-epaonnistui": "Tiedoston lähetys epäonnistui",
    "koodi-virhe-1": "Koodia ei ole asetettu.",
    "koodi-virhe-2": "Käyttämälläsi koodilla löytyi jo tutkinnon osa.",
    "koodi-virhe-3": "Seuraavat kentät ovat vaadittuja: ",
    "koodien-lisays-onnistui": "Koodien lisääminen onnistui",
    "koodittomia-koulutuksen-osia": "Projektissa on koodittomia koulutuksen osia",
    "koodittomia-tutkinnon-osia": "Kaikilla tutkinnon osilla ei koodia",
    "kopio-leikelaudalle": "Kopioi leikelaudalle",
    "kopioi": "Kopioi",
    "kopioi-leikelaudalle": "Kopioi leikelaudalle",
    "kopioi-muokattavaksi": "Kopioi muokattavaksi",
    "kopioidaanko-asteikko-varmasti": "Haluatko varmasti kopioida arviointiasteikon?",
    "kopioidaanko-tekstikappale": "Haluatko varmasti kopioida sisällön?",
    "kopioidaanko-tutkinnonosa": "Haluatko varmasti kopioida sisällön?",
    "kopiointi-onnistui": "Kopiointi onnistui",
    "korjaa-virheet": "Korjaa seuraavat virheet",
    "korosta": "Korosta",
    "korvattava-diaari-on-oma-diaari": "Korvattavien perusteiden listalla oma diaarinumero",
    "korvattava-peruste-on-eri-koulutustyyppia": "Korvattava peruste on eri koulutustyyppiä",
    "korvattavaa-ei-loydy-jarjestelmasta": "Korvattavaa perustetta ei löydy järjestelmästä.",
    "korvattavat-perusteet": "Korvattavat perusteet",
    "koulutuksen-koodi": "Koulutuksen koodi",
    "koulutuksen-muodostuminen": "Koulutuksen muodostuminen",
    "koulutuksen-muodostuminen-muokkaus": "Koulutuksen muodostumisen muokkaus",
    "koulutuksen-nimi": "Koulutuksen nimi",
    "koulutuksen-osa-ei-sisaltoa": "Koulutuksen osalla ei ole sisältöä.",
    "koulutuksen-osa-haku-placeholder": "Rajaa koulutuksen osia...",
    "koulutuksen-osa-rakenteessa-ei-voi-poistaa": "Koulutuksen osaa ei voi poistaa, koska se on käytössä tutkinnon rakenteessa. Poista viite puusta ensin.",
    "koulutuksen-osa-rakenteesta-poistettu": "Koulutuksen osa poistettu onnistuneesti.",
    "koulutuksen-osan-arviointi-teksti": "Osaamisen arviointi tekstinä",
    "koulutuksen-osan-asetettua-koodia-ei-koodistossa": "Koodistosta ei löytynyt koulutuksen osalle määritettyä koodia",
    "koulutuksen-osan-koodi-kaytossa": "Valittu koulutuksen osan koodi on jo käytössä",
    "koulutuksen-osia-ei-loytynyt": "Koulutuksen osia ei löytynyt.",
    "koulutuksen-osien-koodit-kaytossa-muissa-koulutuksen-osissa": "Koulutuksen osan koodit jo käytössä perusteen muissa osissa",
    "koulutuksen-rakenne": "Koulutuksen rakenne",
    "koulutuksen-rakenteen-kuvaus": "Koulutuksen rakenteen kuvaus",
    "koulutuksen-tyyppi": "Koulutuksen tyyppi",
    "koulutuksenosa": "Koulutuksen osa",
    "koulutuksenosa-koko": "Koko",
    "koulutuksenosa-kopioitu-onnistuneesti": "Koulutuksen osa kopioitu onnistuneesti",
    "koulutuksenosa-laajuus": "Koulutuksen osan laajuus",
    "koulutuksenosa-nimi": "Nimi",
    "koulutuksenosa-save-fail": "Seuraavia koulutuksen osia ei pystytty tallentamaan onnistuneesti:",
    "koulutuksenosat": "Koulutuksen osat",
    "koulutukset": "Koulutukset",
    "koulutus": "Koulutus",
    "koulutus-tyyppi": "Koulutus tyyppi",
    "koulutusalakoodi": "Koulutusalakoodi",
    "koulutuskoodi-ongelmat": "Koulutuskoodi ongelmat",
    "koulutuskoodi-puuttuu": "Perusteelta puuttuu koulutuskoodi",
    "koulutustyypit": "Koulutustyypit",
    "koulutustyyppi": "Koulutustyyppi",
    "koulutustyyppi-label": "Koulutus/tutkintotyyppi",
    "koulutustyyppi_1": "Ammatillinen perustutkinto",
    "koulutustyyppi_11": "Ammattitutkinto",
    "koulutustyyppi_12": "Erikoisammattitutkinto",
    "koulutustyyppi_14": "Aikuisten lukiokoulutus",
    "koulutustyyppi_15": "Esiopetus",
    "koulutustyyppi_16": "Perusopetus",
    "koulutustyyppi_17": "Aikuisten perusopetus",
    "koulutustyyppi_18": "Valma",
    "koulutustyyppi_2": "Lukiokoulutus",
    "koulutustyyppi_20": "Varhaiskasvatus",
    "koulutustyyppi_22": "Perusopetukseen valmistava",
    "koulutustyyppi_23": "Valmistava lukiokoulutus",
    "koulutustyyppi_5": "Telma",
    "koulutustyyppi_6": "Lisäopetus",
    "koulutustyyppi_999907": "Taiteen perusopetus",
    "koulutusvienti": "Koulutusvienti",
    "kpl": "kpl",
    "kriteereita-ei-lisatty": "Kriteereitä ei ole lisätty osaamistasolle",
    "kriteerit": "Kriteerit",
    "kunnat": "Kunnat",
    "kurssi-action": "luo kurssi",
    "kurssi-koodi": "Koodistokoodi",
    "kurssi-koodi-header": "Koodistokoodi",
    "kurssi-kuvaus-header": "Kuvaus",
    "kurssi-lokalisoitu-koodi": "Koodi",
    "kurssi-lokalisoitu-koodi-header": "Koodi",
    "kurssi-nimi-header": "Nimi",
    "kurssi-osa-arviointi": "Arviointi",
    "kurssi-osa-keskeinenSisalto": "Keskeiset sisällöt",
    "kurssi-osa-tavoitteet": "Tavoitteet",
    "kurssi-osa-tavoitteetJaKeskeinenSisalto": "Tavoitteet ja keskeiset sisällöt",
    "kurssi-peruuta": "Peruuta",
    "kurssi-sisallot-header": "Sisällöt",
    "kurssi-tavoitteet-header": "Tavoitteet",
    "kurssi-title": "Kurssi",
    "kurssi-tyypin-kuvaus": "Kuvaus",
    "kurssi-tyyppi": "Tyyppi",
    "kurssi-tyyppi-header": "Tyyppi",
    "kurssi-tyyppi-selite-paikallinen": "Paikallinen",
    "kurssi-tyyppi-selite-pakollinen": "Pakollinen",
    "kurssi-tyyppi-selite-soveltava": "Soveltava",
    "kurssi-tyyppi-selite-syventava": "Syventävä",
    "kurssi-tyyppi-selite-valtakunnallinen": "Valtakunnallinen",
    "kurssi-tyyppi-selite-valtakunnallinen_soveltava": "Soveltava",
    "kurssi-tyyppi-selite-valtakunnallinen_syventava": "Syventävä",
    "kurssin-sisalto": "Kurssin sisältö",
    "kurssit": "Kurssit",
    "kuvaus": "Kuvaus",
    "kvliite": "kv-liite",
    "kvliite-validointi-arvosana-asteikko": "Arvosana-asteikko/hyväksymisvaatimukset ei ole lokalisoitu kv-liitettä varten",
    "kvliite-validointi-jatkoopinto-kelpoisuus": "Jatko-opintokelpoisuus ei ole lokalisoitu kv-liitettä varten",
    "kvliite-validointi-kansainvaliset-sopimukset": "Kansainväliset sopimukset",
    "kvliite-validointi-lisatietoja": "Lisätietoja ei ole lokalisoitu kv-liitettä varten",
    "kvliite-validointi-muodostumisen-kuvaus-naytto": "Tutkinnon muodostuminen (naytto) ei ole lokalisoitu kv-liitettä varten",
    "kvliite-validointi-muodostumisen-kuvaus-ops": "Tutkinnon muodostuminen (ops) ei ole lokalisoitu kv-liitettä varten",
    "kvliite-validointi-muodostumisen-kuvaus-reformi": "Tutkinnon muodostuminen (reformi) ei ole lokalisoitu kv-liitettä varten",
    "kvliite-validointi-nimi": "Perusteen nimeä ei ole lokalisoitu kv-liitettä varten",
    "kvliite-validointi-pohjakoulutusvaatimukset": "Pohjakoulutusvaatimukset ei ole lokalisoitu kv-liitettä varten",
    "kvliite-validointi-saados-perusta": "Säädösperusta ei ole lokalisoitu kv-liitettä varten",
    "kvliite-validointi-suorittaneen-osaaminen": "Tutkinnon suorittaneen osaaminen ei ole lokalisoitu kv-liitettä varten",
    "kvliite-validointi-taso-koodi-puute": "Koulutuskoodirelaatioista puuttuu tasot.",
    "kvliite-validointi-tasot": "Tutkinnon taso ei ole määritelty kv-liitettä varten",
    "kvliite-validointi-tutkinnon-virallinen-asema": "Tutkinnon virallinen asema ei ole lokalisoitu kv-liitettä varten",
    "kvliite-validointi-tutkinnosta-paattava-viranomainen": "Tutkinnosta päättävän kansallisen/alueellisen viranomaisen nimi ja asema ei ole lokalisoitu kv-liitettä varten",
    "kvliite-validointi-tutkintotodistuksen-saaminen": "Tutkintotodistuksen voi säädösten mukaan saada seuraavilla tavoilla ei ole lokalisoitu kv-liitettä varten",
    "kvliite-validointi-tyotehtavat-joissa-voi-toimia": "Työtehtäviä, joissa tutkinnon suorittanut voi toimia ei ole lokalisoitu kv-liitettä varten",
    "kvliiteen-yksiportainen-arviointiasteikko": "Hyväksytty / Hylätty",
    "kyllä": "Kyllä",
    "kysy-neuvoa-anna-palautetta": "Kysy neuvoa - Anna palautetta",
    "laadinnan-esikatselu-info": "Tämä on kesken olevan perusteprojektin esikatselu. Kaikki sisältö ei välttämättä näy oikein.",
    "laaja-alainen-osaaminen": "Laaja-alainen osaaminen",
    "laaja-alainen-osaaminen-kuvaus": "Laaja-alaisen osaamisen kuvaus",
    "laaja-alaisen-osaamisen-alueet": "Laaja-alaisen osaamisen alueet",
    "laaja-alaiset-osaamiset": "Laaja-alaiset osaamiset",
    "laajuuden-maksimi-ei-voi-olla-pienempi-tai-sama-kuin-minimi": "Laajuuden maksimi ei voi olla pienempi tai sama kuin minimi",
    "laajuuden-yksikkö": "Laajuuden yksikkö",
    "laajuus": "Laajuus",
    "laajuus-maarita-alueella": "Määritä koulutuksen laajuus",
    "ladataan-tyoryhman-tietoja": "Haetaan työryhmien tietoja",
    "laheta-peruste": "Lähetä peruste",
    "lajittelu-jarjestysnumero": "No.",
    "lataa": "Lataa",
    "lataa-dokumentti": "Lataa dokumentti",
    "lataa-peruste-pdf-muodossa": "Lataa peruste pdf-muodossa",
    "lataa-perusteprojekti": "Lataa perusteprojekti",
    "lataa-uusi-liitetiedosto": "Lataa uusi liitetiedosto",
    "leikelauta": "Leikelauta",
    "leikelauta-varoitus": "Leikelaudalle on sijoitettu rakenteen osia. Jos poistut rakenteen muokkaustilasta, leikelauta tyhjennetään ja sen sisältö menetetään.",
    "liita-leikelaudalta": "Liitä leikelaudalta",
    "liita-perusteeseen": "Liitä perusteeseen",
    "liita-perusteprojekti-tiedotteeseen": "Liitä perusteprojekti tiedotteeseen",
    "liite-tekstikappale": "Tekstikappale on liite",
    "liitetiedosto": "Liitetiedosto",
    "liitetiedosto-pdf-hylatty": "Voit ladata vain PDF-tyyppisiä liitteitä.",
    "liitetiedosto-tallennettu": "Liitetiedosto tallennettu",
    "liitetiedosto-tallennusvirhe": "Liitetiedoston tallennus epäonnistui",
    "liitetiedosto-valitse": "Valitse liitetiedosto...",
    "liitetyt-tavoitteet": "Liitetyt tavoitteet",
    "liittamattomia-koulutuksen-osia": "Projektissa on rakenteeseen liittämättömiä koulutuksen osia.",
    "liittamattomia-tutkinnon-osia": "Liittämättömiä tutkinnon osia",
    "liitteet": "Liitteet",
    "liitteet-kuvaus":"Tästä voidaan lisätä liitetiedosto (PDF) perusteeseen. <b>Liitteet eivät siirry suoraan perusteen näkyviin tietoihin</b>, vaan ne täytyy liittää myös joko määräyskirjeeseen tai muutosmääräykseen.",
    "liitä-suoritustapaan": "Liitettävä suoritustapa",
    "lisaa": "Lisää",
    "lisaa-aihekokonaisuus": "Lisää aihekokonaisuus",
    "lisaa-aihekokonaisuus-action": "Lisää aihekokonaisuus",
    "lisaa-aihekokonaisuus-otsikko-header": "Aihekokonaisuuden otsikko",
    "lisaa-aihekokonaisuus-title": "Lisää aihekokonaisuus",
    "lisaa-aihekokonaisuus-yleiskuvaus-header": "Aihekokonaisuuden kuvaus",
    "lisaa-ainakin-yksi-kieli": "Perusteella on oltava vähintään yksi kieli.",
    "lisaa-aliotsikko": "Lisää aliotsikko",
    "lisaa-arviointi": "Lisää arviointi",
    "lisaa-diaari": "Lisää diaarinumero",
    "lisaa-geneerinen-arviointi": "Lisää geneerinen arviointi",
    "lisaa-kieli": "Lisää kieli",
    "lisaa-kohdealue": "Lisää kohdealue",
    "lisaa-kommentti": "Lisää kommentti",
    "lisaa-koodi": "Lisää koodi",
    "lisaa-koodistoon": "Lisää koodistoon",
    "lisaa-koodittomat-koodistoon": "Lisää koodittomat koodistoon",
    "lisaa-koulutuksenosa": "Lisää koulutuksen osa",
    "lisaa-koulutus": "Lisää koulutuskoodi",
    "lisaa-kriteeri": "Lisää kriteeri",
    "lisaa-kurssi": "Lisää kurssi",
    "lisaa-kurssi-action": "Lisää kurssi",
    "lisaa-kurssi-title": "Lisää lukiokurssi",
    "lisaa-laaja-alainen-osaaminen": "Lisää laaja-alainen osaaminen",
    "lisaa-laajaalainen": "Lisää laaja-alainen",
    "lisaa-liitetiedosto": "Lisää liitetiedosto",
    "lisaa-moduuli": "Lisää moduuli",
    "lisaa-muutosmaarays": "Lisää muutosmääräys",
    "lisaa-nimike": "Lisää nimike",
    "lisaa-opetuksen-tavoite": "Lisää opetuksen tavoite",
    "lisaa-opetuksen-yleinen-tavoite": "Lisää opetuksen yleinen tavoite",
    "lisaa-oppiaine": "Lisää oppiaine",
    "lisaa-oppimaara": "Lisää oppimäärä",
    "lisaa-osa-alue": "Lisää osa-alue",
    "lisaa-osaamiskokonaisuus": "Lisää osaamiskokonaisuus",
    "lisaa-osaamistavoite": "Lisää osaamistavoite",
    "lisaa-painopiste": "Lisää painopiste",
    "lisaa-sisalto": "Lisää sisältöä",
    "lisaa-sisalto-osa": "Lisää osa",
    "lisaa-sisaltoalue": "Lisää sisältöalue",
    "lisaa-taiteenala": "Lisää taiteenala",
    "lisaa-tavoite": "Lisää tavoite",
    "lisaa-tavoitealue": "Lisää tavoitealue",
    "lisaa-tiedote": "Lisää tiedote",
    "lisaa-tutkinnonosa": "Lisää tutkinnon osa",
    "lisaa-tutkintokohtainen-osa": "Lisää tekstikappale",
    "lisaa-tutkintonimike": "Lisää tutkintonimike",
    "lisaa-tyoryhma": "Lisää työryhmä",
    "lisaa-vaatimus": "Lisää ammattitaitovaatimus",
    "lisaa-vaatimus-ilman-kohdealuetta": "Lisää ammattitaitovaatimus ilman kohdealuetta",
    "lisaa-vaihe": "Lisää vaihe",
    "lisaa-valittavaksi": "Lisää valittavaksi",
    "lisaa-vapaa-teksti": "Lisää tekstikappale",
    "lisaa-vuosiluokkakokonaisuus": "Lisää vuosiluokkakokonaisuus",
    "lisaa-yleisettavoitteet-kuvaus-header": "Opetuksen yleisten tavoitteiden kuvaus",
    "lisaa-yleisettavoitteet-otsikko-header": "Opetuksen yleisten tavoitteiden otsikko",
    "lisaopetus": "Lisäopetus",
    "lisatieto": "Lisätieto",
    "lisatietoja": "Lisätietoja",
    "lista": "Lista",
    "lopetus-aloituksen-jälkeen": "Toimikauden päättymispäivämäärä täytyy olla aloitusajankohdan jälkeen.",
    "lops": "Lukiokoulutus 2015",
    "lops2019": "Lukiokoulutus 2019",
    "loydetty-termien-maara": "Löydettyjen käsitteiden määrä:",
    "loydettyjen-opsien-maara": "Löydettyjen opetussuunnitelmien määrä",
    "lue-lisaa": "Näytä lisää...",
    "lukio-etsi-kursseista": "Etsi kursseista...",
    "lukio-etsi-liitetyista-kursseista": "Etsi liitetyistä kursseista...",
    "lukio-etsi-liittamattomista-kursseista": "Etsi liittämättömistä kursseista...",
    "lukio-etsi-oppiaineista": "Etsi oppiaineista...",
    "lukio-etsi-oppiaineista-ja-kursseista": "Etsi...",
    "lukio-kurssi-tyyppi-otsikko-paikallinen_soveltava": "Paikallinen soveltava",
    "lukio-kurssi-tyyppi-otsikko-paikallinen_syventava": "Paikallinen syventävä",
    "lukio-kurssi-tyyppi-otsikko-valtakunnallinen_pakollinen": "Pakollinen",
    "lukio-kurssi-tyyppi-otsikko-valtakunnallinen_soveltava": "Valtakunnallinen soveltava",
    "lukio-kurssi-tyyppi-otsikko-valtakunnallinen_syventava": "Valtakunnallinen syventävä",
    "lukio-kurssi-tyyppi-placeholder-paikallinen_soveltava": "Oppiaineen paikallisten soveltavien kurssien kuvaus...",
    "lukio-kurssi-tyyppi-placeholder-paikallinen_syventava": "Oppiaineen paikallisten syventävien kurssien kuvaus...",
    "lukio-kurssi-tyyppi-placeholder-valtakunnallinen_pakollinen": "Oppiaineen pakollisten kurssien kuvauksen paikallinen tarkenne...",
    "lukio-kurssi-tyyppi-placeholder-valtakunnallinen_soveltava": "Oppiaineen valtakunnallisten soveltavien kurssien kuvauksen paikallinen tarkenne...",
    "lukio-kurssi-tyyppi-placeholder-valtakunnallinen_syventava": "Oppiaineen valtakunnallisten syventävien kurssien kuvauksen paikallinen tarkenne...",
    "lukio-liitamattomat-kurssit": "Liittämättömät kurssit",
    "lukio-liitetyt-kurssit": "Liitetyt kurssit",
    "lukio-liitetyt-kurssit-ohje": "Voit lisätä saman kurssin toisen oppiaineen/oppimäärän alle toiminnon 'Muokkaa rakennetta' kautta",
    "lukio-peruste-esikatseltavissa": "Lukion peruste esikatseltavissa",
    "lukiokoulutus": "Lukiokoulutus",
    "lukiokoulutus2019": "Lukiokoulutus 2019",
    "lukiokoulutusyleisettavoitteet-palautettu": "Valittu versio palautettu onnistuneesti",
    "lukiokurssi-palautettu": "Valittu versio palautettu onnistuneesti",
    "lukiokurssit": "Kurssit",
    "lukiooppiaine-palautettu": "Valittu versio palautettu onnistuneesti",
    "lukiooppiaine-poistettu": "Oppiaine poistettu onnistuneesti",
    "lukiooppiaineet-kurssit-tab-header": "Kurssit",
    "lukiooppiaineet-oppiaineet-tab-header": "Oppiaineet",
    "lukiooppiaineet-puu-tab-header": "Opetussuunnitelma",
    "lukiorakenne-palautettu": "Valittu versio palautettu onnistuneesti",
    "lukitus-kayttajalla": "Sivu on lukittu. Käyttäjä {{user}} muokkaa sivua.",
    "luo": "Luo",
    "luo-kooste": "Luo kooste excel",
    "luo-kv-liite": "Luo KV-liite",
    "luo-opas": "Luo opas",
    "luo-opas-nappi": "Luo opas",
    "luo-pdf": "Luo PDF",
    "luo-pdf-dokumentti": "Luo PDF-dokumentti",
    "luo-pdf-dokumentti-oppaasta": "Luo dokumentti oppaasta",
    "luo-pdf-dokumentti-perusteesta": "Luo PDF-dokumentti perusteesta",
    "luo-perustepohja-nappi": "Luo perustepohja",
    "luo-perusteprojekti-nappi": "Luo projekti",
    "luo-tyoryhma": "Luo työryhmä",
    "luo-uusi": "Luo uusi",
    "luo-uusi-opas": "Luo uusi opas",
    "luo-uusi-perustepohja": "Luo uusi perustepohja",
    "luo-uusi-ryhma": "Luo uusi ryhmä",
    "luodaan": "Luonti käynnissä",
    "luoja": "Luoja",
    "luonnos": "Luonnos",
    "luonti-diaarinumero-ohje": "Lisää perustetyöryhmän asettamispäätöksen diaarinumero.",
    "luonti-koulutuksen-osa": "Koulutuksen osan luonti",
    "luonti-opas-nimi-ohje": "Oppaan nimi",
    "luonti-paatospaivamaara-ohje": "Lisää perustetyöryhmän asettamisen päätöspäivämäärä.",
    "luonti-projektin-nimi-ohje": "Anna projektin nimi muodossa '[Nimi] tutkinnon perusteprojekti' (esim. 'Rakennustuotannon ammattitutkinnon perusteprojekti').",
    "luonti-tekstikappale": "Uusi tekstikappale",
    "luonti-tutkinnon-osa": "Uusi tutkinnon osa",
    "luotu": "Luotu",
    "maarayksen-diaarinumero": "Määräyksen diaarinumero",
    "maarayksen-paatospaivamaara": "Määräyksen päätöspäivämäärä",
    "maarayskirje": "Määräyskirje",
    "maksimi": "Maksimi",
    "mandatory-odottamaton-virhe": "Kaikkia pakollisia kenttiä ei ole täytetty",
    "mandatory-otsikkoa-ei-asetettu": "Otsikko on pakollinen",
    "merkitse-suosikiksi": "Merkitse suosikiksi",
    "minimi": "Minimi",
    "moduuli-koodi-moneen-kertaan": "Moduulin koodi käytetty moneen kertaan",
    "moduuli-laajuus-puuttuu": "Moduulin laajuus puuttuu tai ei ole välillä 1-4",
    "moduuli-puuttuva-koodi": "Moduulilta puuttuu koodi",
    "moduulin-kuvaus-placeholder": "Moduulin kuvaus",
    "moduulit": "Moduulit",
    "muissa-tutkinnon-osissa": "Muissa tutkinnon osissa",
    "muodostuminen": "Muodostuminen",
    "muodostumis-rakenne-validointi-laajuus": "Ryhmän osien yhteenlaskettu laajuus ei riitä kattamaan tarvittavaa laajuutta",
    "muodostumis-rakenne-validointi-maara": "Ryhmän osien yhteenlaskettu määrä ei riitä kattamaan tarvittavaa määrää",
    "muodostumis-rakenne-validointi-uniikit": "Ryhmä sisältää samoja tutkinnon osia",
    "muodostumissaannot": "Tutkinnon rakenne",
    "muokattavana": "Muokattavana",
    "muokattu": "Muokattu",
    "muokattu-viimeksi": "Muokattu viimeksi",
    "muokkaa": "Muokkaa",
    "muokkaa-aihekokonaisuus-action": "Tallenna",
    "muokkaa-aihekokonaisuus-title": "Muokkaa aihekokonaisuutta",
    "muokkaa-kohdealueita": "Muokkaa tavoitealueita",
    "muokkaa-koulutuksen-osaa": "Muokkaa koulutuksen osaa",
    "muokkaa-kurssia": "Muokkaa kurssia",
    "muokkaa-kurssia-action": "Tallenna muutokset",
    "muokkaa-lisaa-vapaa-teksti": "Lisää tekstikappale",
    "muokkaa-muodostumissääntöjä": "Muokkaa",
    "muokkaa-oppiainetta": "Muokkaa oppiainetta",
    "muokkaa-oppimaaraa": "Muokkaa oppimäärää",
    "muokkaa-osa-aluetta": "Muokkaa osa-aluetta",
    "muokkaa-osaaminen": "Laaja-alainen osaaminen - muokkaa osaamiskokonaisuutta",
    "muokkaa-rakennetta": "Muokkaa rakennetta",
    "muokkaa-ryhmaa": "Muokkaa ryhmää",
    "muokkaa-tekstikappaleiden-rakennetta": "Muokkaa tekstikappaleiden rakennetta",
    "muokkaa-termia": "Muokkaa käsitettä",
    "muokkaa-tiedotetta": "Muokkaa tiedotetta",
    "muokkaa-tutkinnon-osaa": "Muokkaa tutkinnon osaa",
    "muokkaa-tyoryhmaa": "Muokkaa työryhmää",
    "muokkaa-vaihe": "Muokkaa vaihetta",
    "muokkaa-vuosiluokkakokonaisuutta": "Muokkaa vuosiluokkakokonaisuutta",
    "muokkaaja": "Muokkaaja",
    "muokkaus": "Muokkaus",
    "muokkaus-kohdealueet": "Muokkaa tavoitealueita",
    "muokkaus-koulutuksen-osa": "Koulutuksen osan muokkaus",
    "muokkaus-koulutuksen-osa-tallennettu": "Koulutuksen osa tallennettu onnistuneesti.",
    "muokkaus-koulutuksen-osan-ammattitaidon-osoittamistavat-header": "Osaamisen arviointi tekstinä",
    "muokkaus-koulutuksen-osan-ammattitaidon-osoittamistavat-placeholder": "Ammattitaidon osoittamistavat",
    "muokkaus-koulutuksen-osan-ammattitaitovaatimukset-header": "Ammattitaitovaatimukset",
    "muokkaus-koulutuksen-osan-ammattitaitovaatimukset-placeholder": "Listaa tähän koulutuksen osan ammattitaitovaatimukset",
    "muokkaus-koulutuksen-osan-arviointi-taulukko-header": "Osaamisen arviointi taulukkona",
    "muokkaus-koulutuksen-osan-arviointi-teksti-header": "Osaamisen arviointi tekstinä",
    "muokkaus-koulutuksen-osan-arviointi-teksti-placeholder": "Kirjoita tähän arviointikriteerit",
    "muokkaus-koulutuksen-osan-osaamisen-arviointi-header": "Osaamisen arviointi",
    "muokkaus-koulutuksen-osan-osaamisen-arviointi-tekstina-header": "Osaamisen arviointi tekstinä",
    "muokkaus-koulutuksen-osan-osaamisentavoitteet-header": "Osaamisentavoitteet",
    "muokkaus-koulutuksen-osan-tavoitteet-header": "Tavoitteet",
    "muokkaus-koulutuksen-osan-tavoitteet-placeholder": "Kirjoita tähän koulutuksen osan tavoitteet",
    "muokkaus-laaja-alainen-osaaminen-header": "Laaja-alainen osaaminen",
    "muokkaus-lisaa-osio": "Lisää osio",
    "muokkaus-lisaa-sisalto": "Lisää sisältö",
    "muokkaus-paikallisesti-paatettavat-asiat-header": "Paikallisesti päätettävät asiat",
    "muokkaus-paikallisesti-paatettavat-asiat-placeholder": "Kirjoita tähän paikallisesti päätettävät asiat",
    "muokkaus-rakenne": "Muokkaa tutkinnon rakennetta",
    "muokkaus-siirtyma-edellisesta-header": "Siirtymä edellisestä vaiheesta",
    "muokkaus-siirtyma-edellisesta-placeholder": "Kirjoita tähän siirtymän sisältö",
    "muokkaus-siirtyma-seuraavaan-header": "Siirtymä seuraavaan vaiheeseen",
    "muokkaus-siirtyma-seuraavaan-placeholder": "Kirjoita tähän siirtymän sisältö",
    "muokkaus-teksikappaleen-nimi-header": "Otsikko",
    "muokkaus-teksikappaleen-nimi-placeholder": "Kirjoita tähän otsikko",
    "muokkaus-tekstikappale": "Muokkaa tekstikappaletta",
    "muokkaus-tekstikappale-tallennettu": "Tekstikappale tallennettu onnistuneesti",
    "muokkaus-tekstikappaleen-teksti-header": "Kappaleen teksti",
    "muokkaus-tekstikappaleen-teksti-placeholder": "Kirjoita tähän kappaleen teksti",
    "muokkaus-tutkinnon-jarjestysnumero": "Järjestysnumero",
    "muokkaus-tutkinnon-osa": "Muokkaa tutkinnon osaa",
    "muokkaus-tutkinnon-osa-tallennettu": "Tutkinnon osa tallennettu onnistuneesti",
    "muokkaus-tutkinnon-osan-ammattitaidon-osoittamistavat-header": "Ammattitaidon osoittaminen",
    "muokkaus-tutkinnon-osan-ammattitaidon-osoittamistavat-placeholder": "Listaa tähän ammattitaidon osoittamistavat",
    "muokkaus-tutkinnon-osan-ammattitaitovaatimukset-2019-header": "Ammattitaitovaatimukset",
    "muokkaus-tutkinnon-osan-ammattitaitovaatimukset-header": "Ammattitaitovaatimukset",
    "muokkaus-tutkinnon-osan-ammattitaitovaatimukset-placeholder": "Listaa tähän tutkinnon osan ammattitaitovaatimukset",
    "muokkaus-tutkinnon-osan-ammattitaitovaatimukset-taulukko-header": "Ammattitaitovaatimukset taulukkona",
    "muokkaus-tutkinnon-osan-ammattitaitovaatimukset-teksti-header": "Ammattitaitovaatimukset tekstinä",
    "muokkaus-tutkinnon-osan-arviointi-taulukko-header": "Arviointi taulukkona",
    "muokkaus-tutkinnon-osan-arviointi-teksti-header": "Osaamisen arviointi",
    "muokkaus-tutkinnon-osan-arviointi-teksti-placeholder": "Kirjoita tähän arviointikriteerit",
    "muokkaus-tutkinnon-osan-geneerinen-arviointi-header": "Geneerinen arviointi",
    "muokkaus-tutkinnon-osan-koodi-header": "Koodi",
    "muokkaus-tutkinnon-osan-nimi-header": "Nimi",
    "muokkaus-tutkinnon-osan-tavoitteet-header": "Tavoitteet",
    "muokkaus-tutkinnon-osan-tavoitteet-placeholder": "Kirjoita tähän tutkinnon osan tavoitteet",
    "muokkaus-vuosiluokkakokonaisuuden-osa": "Muokkaa vuosiluokkakokonaisuuden osaa",
    "muokkaus-vuosiluokkakokonaisuuden-tehtava-header": "Vuosiluokkakokonaisuuden tehtävä",
    "muokkaus-vuosiluokkakokonaisuuden-tehtava-placeholder": "Kirjoita tähän vuosiluokkakokonaisuuden tehtävä",
    "muutosmaaraykset": "Muutosmääräykset",
    "myos-luonnokset": "Myös luonnokset",
    "määritelty": "Perusteessa määriteltävä",
    "määrittelemätön": "Tutkinnossa määriteltävä",
    "navi.ammatillinenaikuiskoulutus": "Ammatillinen aikuiskoulutus",
    "navi.ammatillinenperuskoulutus": "Ammatillinen peruskoulutus",
    "navi.esiopetus": "Esiopetus",
    "navi.etusivu": "Etusivu",
    "navi.lisaopetus": "Lisäopetus",
    "navi.lukio": "Lukio",
    "navi.lukiokoulutus": "Lukiokoulutus",
    "navi.opetussuunnitelmat": "Opetussuunnitelmat",
    "navi.perusopetus": "Perusopetus",
    "navi.peruste": "Peruste",
    "navi.tiedote": "Tiedote",
    "navi.valikkon-otsikko": "ePerusteet valikko",
    "navi.valmentavakoulutus": "Valmentava koulutus",
    "navi.varhaiskasvatus": "Varhaiskasvatus",
    "nayta": "Näytä",
    "nayta-aliviestit": "Näytä vastaukset",
    "nayta-kaannosvirheet": "Näytä puuttuvat käännökset",
    "nayta-kuvaukset": "Näytä kuvaukset",
    "nayta-myos-vanhentuneet": "Näytä myös vanhentuneet",
    "nayta-osaamiskokonaisuuden-kuvaus": "Näytä osaamiskokonaisuuden yleiskuvaus",
    "nayta-perusteen-teksti": "Näytä tukiteksti",
    "nayta-ryhman-kuvaus": "Näytä ryhmän kuvaus",
    "nayta-versiohistoria": "Historia",
    "nayta-virheet": "Tarkista rakenne",
    "naytto": "Tutkinto",
    "nimeton": "<Nimetön>",
    "nimeton-kurssi": "Nimetön kurssi",
    "nimeton-oppiaine": "Nimetön oppiaine",
    "nimeton-oppimaara": "Nimetön oppimäärä",
    "nimeton-tavoite": "Nimetön tavoite",
    "nimeton-vierastutkinto": "Nimetön vieras tutkinnon osa",
    "nimi": "Nimi",
    "nimi-on-jo-kaytossa": "Työryhmä on jo olemassa. Valitse toinen nimi.",
    "nimi-on-pakollinen": "Otsikko on pakollinen.",
    "nqf": "Kansallinen tutkintojen viitekehys",
    "näytä": "Näytä",
    "näytä-kaikki": "Näytä kaikki",
    "odotettu-arvo": "Odotettu arvo",
    "odottamaton-virhe": "Tapahtui odottamaton virhe",
    "ohje": "Ohje",
    "ohje-hallintapaneeli": "Hallintapaneeli on tarkoitettu koko palvelun laajuisten toimintojen saavuttamiseksi.",
    "ohje-julkinen-tiedote": "Julkinen tiedote näkyy julkisesti opintopolku palvelun puolella",
    "ohje-koulutuksenosa-tyyppi": "<p>Koulutuksen osan tyyppi määrittää osalle täytettävät sisällöt.</p><p><strong>koulutuskohtainen</strong>: Koulutuksen osalle määritetään sisältö ja arviointikriteerit.</p><p><strong>Yhteinen</strong>: koulutuksen osalle määritetään osakohtaiset osa-alueet, joille kullekin määritellään oma sisältö ja arviointikriteerit.</p>",
    "ohje-moduuli-pakollinen": "Pakollinen moduuli täytyy kuulua johonkin opintojaksoon paikallisessa opetussuunnitelmassa.",
    "ohje-muodostuminen-koulutuksenosa": "Valitse koulutuksen osa ja vie haluttuun kohtaan rakenteessa.",
    "ohje-muodostuminen-ryhma": "Luo ryhmä ja vie haluttuun kohtaan rakenteessa.",
    "ohje-muodostuminen-tutkinnonosat": "Valitse tutkinnon osa ja vie haluttuun kohtaan rakenteessa.",
    "ohje-oppaat": "Oppaat",
    "ohje-perusteprojekti": "Tämän näkymän kautta voi hallinnoida perusteprojekteja ja pohjia.",
    "ohje-perusteprojektiliitos-tiedote": "Linkittää perusteprojektin osaksi tiedotetta",
    "ohje-ryhma-koko": "Koko määrittää montako osaa ryhmä voi sisältää",
    "ohje-ryhma-laajuus": "Laajuus määrittää kuinka monen yksikön edestä ryhmä voi sisältää osia",
    "ohje-ryhma-rooli": "<p><strong>Perusteessa määriteltävä:</strong> Ryhmän sisältö määritellään perustepuun luonnin yhteydessä.</p><p><strong>Tutkinnossa määriteltävä:</strong> Ryhmälle annetaan vain muodostumissäännöt ja sen sisältö määritellään paikallisen laadinnan puolella.</p>",
    "ohje-tiedotteet": "Tämän näkymän kautta voi hallinnoida tiedotteita.",
    "ohje-tutkinnon-osan-tuonti": "Vain julkaistuista ja esikatselussa olevista perusteista voi tuoda tutkinnon osia.",
    "ohje-tutkinnonosa-tyyppi": "<p>Tutkinnon osan tyyppi määrittää osalle täytettävät sisällöt.</p><p><strong>Tutkintokohtainen</strong>: Tutkinnon osalle määritetään sisältö ja arviointikriteerit.</p><p><strong>Yhteinen</strong>: Tutkinnon osalle määritetään osakohtaiset osa-alueet, joille kullekin määritellään oma sisältö ja arviointikriteerit.</p>",
    "ohje-tyoryhma-luonti": "<p>Projektin perustetyöryhmä voidaan jakaa työryhmiin. Perusteen sisältö voidaan merkata luoduille työryhmille.</p><p>Kun työryhmä on luotu, perusteen sisältö voidaan merkata luodulle työryhmälle sisällön yhteydessä.</p>",
    "ohje-yleinen-tiedote": "Yleinen tiedote näkyy julkisella puolella myös etusivulla",
    "ok": "OK",
    "oletus": "Oletus",
    "oma-diaarinumero": "Peruste ei voi korvata itseään",
    "omat-suosikit": "Omat suosikit",
    "ominaisuus-ei-tuettu": "Ominaisuus ei ole tuettu käyttämälläsi selaimella.",
    "ongelma": "Ongelma",
    "ongelmalliset-kuvaus": "Tähän näkymään kertyvät ne perusteprojektit, joissa on tutkinnon osia, joilla on koodeja, jotka eivät ole liitetty koulutuskoodeihin.",
    "ongelmalliset-otsikko": "Ongelmalliset koodit",
    "opetuksen-kohdealueet": "Opetuksen tavoitealueet",
    "opetuksen-sisallot": "Oppiaineet",
    "opetuksen-tavoitteet": "Opetuksen tavoitteet",
    "opetuksen-yleiset-tavoitteet": "Opetuksen yleiset tavoitteet",
    "opetus": "Opetus",
    "opetussuunnitelma": "Opetussuunnitelma",
    "opetussuunnitelman-nimi": "Opetussuunnitelman nimi",
    "opetussuunnitelman-tiedot": "Opetussuunnitelman tiedot",
    "opintoluokitus": "Opintoluokitus",
    "opintopolku": "Opintopolku",
    "OPINTOVIIKKO": "ov",
    "opiskelija": "Opiskelija",
    "opiskelija-tai-tutkinnon-suorittaja": "Opiskelija tai tutkinnon suorittaja",
    "opiskeluymparisto-ja-tyotavat": "Opiskelijaympäristö ja työtavat",
    "oppaan-kielet": "Oppaan kielet",
    "oppaan-nimea-ei-ole-kaikilla-kielilla": "Oppaalle ei ole määritelty nimeä kaikilla kielillä.",
    "oppaan-nimi-label": "Oppaan nimi",
    "oppaan-oid-label": "Opastyöryhmä",
    "oppaan-tiedot": "Oppaan tiedot",
    "oppaat": "Oppaat",
    "oppiaine": "Oppiaine",
    "oppiaine-ja-tehtava": "Oppiaine ja tehtävä",
    "oppiaine-koodi-moneen-kertaan": "Sama oppiainekoodi usealla oppiaineella",
    "oppiaine-kurssit": "Kurssit",
    "oppiaine-osio-arviointi": "Oppilaan oppimisen arviointi",
    "oppiaine-osio-lukio-arviointi": "Arviointi",
    "oppiaine-osio-ohjaus": "Ohjaus ja tuki",
    "oppiaine-osio-osaalue": "Osa-alue",
    "oppiaine-osio-sisaltoalueinfo": "Oppiaineen sisältöalueinfo",
    "oppiaine-osio-tavoitteet": "Opetuksen tavoitteet",
    "oppiaine-osio-tehtava": "Oppiaineen tehtävä",
    "oppiaine-osio-tyotavat": "Oppimisympäristöt ja työtavat",
    "oppiaine-puuttuva-koodi": "Oppiaineelta puuttuu koodi",
    "oppiaine-virheellinen-koodi": "Oppiaineella virheellinen koodi",
    "oppiaine-virheellinen-koodisto": "Oppiaineella virheellinen koodisto",
    "oppiaineella-ei-vuosiluokkasisaltoja": "Oppiaineelle ei ole määritetty vuosiluokkakohtaisia sisältöjä.",
    "oppiaineen-arviointi-kuvaus-placeholder": "Syötä oppiaineen arviointi",
    "oppiaineen-opiskeluymparisto-ja-tyotavat-kuvaus-placeholder": "Syötä oppiaineen opiskelijaympäristö ja työtavat",
    "oppiaineen-sisallot": "Oppiaineen sisällöt",
    "oppiaineen-sisalto": "Oppiaineen sisältö",
    "oppiaineen-tavoitealue-kohde-placeholder": "Tavoitealueen kohde",
    "oppiaineen-tavoitealue-nimi-placeholder": "Tavoitealueen nimi",
    "oppiaineen-tavoitteet-kuvaus-placeholder": "Syötä oppiaineen tavoitteiden kuvaus",
    "oppiaineen-tehtava-kuvaus-placeholder": "Syötä oppiaineen tehtävä",
    "oppiaineet": "Oppiaineet",
    "oppiaineet-ja-oppimaarat": "Oppiaineet ja oppimäärät",
    "oppiaineet-oppimaarat": "Oppiaineet",
    "oppiaineet-oppimaarat-header": "Oppiaineet",
    "oppiaineetyleissivistava": "Oppiaineet, yleissivistävä",
    "oppiaineetyleissivistava2": "Oppiaineet, yleissivistävä",
    "oppilaitos-organisaatio-paikkakunta": "Oppilaitos / Organisaatio / Paikkakunta",
    "oppimaara": "Oppimäärä",
    "oppimaarat": "Oppimäärät",
    "ops": "Peruskoulutus",
    "ops-esikatselu": "Opetussuunnitelman esikatselu",
    "ops-ja-tutkintojen-perusteet": "Opetussuunnitelmien ja tutkintojen perusteet",
    "organisaatiot": "Organisaatiot",
    "osa": "Osa",
    "osa-alueet": "Osa-alueet:",
    "osaa-ei-voi-tyhjentaa": "Rakenteen osaa ei voi tyhjentää",
    "osaamisala": "Osaamisala",
    "osaamisala-liitetty-virheelliseti-tutkinnon-osiin": "Saman osaamisalan eri ryhmien sisältö ei voi olla jaettua keskenään",
    "osaamisalan-kuvauksia-puuttuu-sisallosta": "Kaikilla osaamisaloilla ei ole kuvausta",
    "osaamisalan-kuvaus": "Osaamisalan kuvaus",
    "osaamisalaryhma-varoitus": "Osaamisalaryhmän alla ei voi olla toista osaamisalaryhmää.",
    "osaamisalat": "Osaamisalat",
    "osaamisen-arviointi": "Osaamisen arviointi",
    "osaamisen-arviointi-tekstina": "Osaamisen arviointi tekstinä",
    "osaamisen-kuvaus": "Osaamisen kuvaus",
    "osaamisen-kuvaus-arvosanalle_0": "Osaamisen kuvaus arvosanalle 0",
    "osaamisen-kuvaus-arvosanalle_5": "Osaamisen kuvaus arvosanalle 5",
    "osaamisen-kuvaus-arvosanalle_6": "Osaamisen kuvaus arvosanalle 6",
    "osaamisen-kuvaus-arvosanalle_7": "Osaamisen kuvaus arvosanalle 7",
    "osaamisen-kuvaus-arvosanalle_8": "Osaamisen kuvaus arvosanalle 8",
    "osaamisen-kuvaus-arvosanalle_9": "Osaamisen kuvaus arvosanalle 9",
    "osaamisen-kuvaus-arvosanalle_10": "Osaamisen kuvaus arvosanalle 10",
    "OSAAMISPISTE": "osp",
    "osaamistaso": "Osaamistaso",
    "osaamistaso-1": "alkuperäinen Hyväksytyn suorituksen kriteerit",
    "osaamistaso-2": "alkuperäinen Tyydyttävä T1",
    "osaamistaso-3": "alkuperäinen Hyvä H2",
    "osaamistaso-4": "alkuperäinen Kiitettävä K3",
    "osaamistaso-5": "alkuperäinen Tyydyttävä T1",
    "osaamistaso-6": "alkuperäinen Tyydyttävä T2",
    "osaamistaso-7": "alkuperäinen Hyvä H3",
    "osaamistaso-8": "alkuperäinen Hyvä H4",
    "osaamistaso-9": "alkuperäinen Kiitettävä K5",
    "osaamistavoitteet": "Osaamistavoitteet",
    "osaamistavoitteet-nimi": "Osaamistavoite",
    "osaamistavoitteet-selite": "Kuvaus",
    "osaan-kuvaus": "Näyttötutkinnot ja ammatillinen peruskoulutus",
    "osaan-linkki": "Osaan.fi",
    "osaatko-jo": "Osaatko jo?",
    "osia-valittava-vahintaan": "Valittava vähintään",
    "osia-valittava-vahintaan-ja-enintaan-koko": "Osia valittava vähintään {{ kokoMinimi }} ja enintään {{ kokoMaksimi }} kappaletta.",
    "osia-valittava-vahintaan-ja-enintaan-laajuus": "Osia valittava vähintään {{ laajuusMinimi }} ja enintään {{ laajuusMaksimi }} {{ laajuusYksikko }} edestä.",
    "osia-valittava-vahintaan-koko": "Osia valittava vähintään {{ kokoMinimi }} kappaletta.",
    "osia-valittava-vahintaan-laajuus": "Osia valittava vähintään {{ laajuusMinimi }} {{ laajuusYksikko }} edestä.",
    "osien-rakenteen-päivitys-onnistui": " Osien rakenteen päivitys onnistui",
    "osiot": "Osiot",
    "ota-versio-kayttoon": "Ota tämä versio käyttöön",
    "otsikko": "Otsikko",
    "paatos-pvm": "Päätöspäivämäärä",
    "paatospaivamaara": "Päätöspäivämäärä",
    "paattymisaikaa-ei-ole-maaritetty": "Määrittelemätön",
    "paikallinen": "Paikallinen",
    "paikallisessa-laadinnassa-maariteltava": "Paikallisessa laadinnassa määriteltävä",
    "paikallisesti-paatettavat-asiat": "Paikallisesti päätettävät asiat",
    "paikalliset-opetussuunnitelmat": "Paikalliset opetussuunnitelmat",
    "paikalliset-pakolliset-kurssit": "Paikalliset pakolliset kurssit",
    "paikalliset-soveltavat-kurssit": "Paikalliset soveltavat kurssit",
    "paikalliset-syventavat-kurssit": "Paikalliset syventävät kurssit",
    "painopisteet": "Painopisteet",
    "paivita": "Päivitä",
    "paivitys-onnistui": "Päivitys onnistui",
    "pakollinen": "Pakollinen",
    "pakollinen-kurssi-kuvaus-header": "Pakollisten kurssien yleinen kuvaus",
    "pakollinen-kurssi-kuvaus-placeholder": "Kirjoita vapaahetoinen kuvaus koskien pakollisia kursseja",
    "pakolliset-kurssit": "Pakolliset kurssit",
    "pakolliset-moduulit": "Pakolliset moduulit",
    "pakolliset-moduulit-kuvaus-placeholder": "Pakollisten moduulien kuvaus",
    "pakolliset-osaamistavoitteet": "Pakolliset osaamistavoitteet",
    "pakollisuus": "Pakollinen",
    "palata-ops-tyokaluun": "Siirry laadintaan",
    "palauta": "Palauta",
    "palautetaanko-vanha-versio": "Palautetaanko vanha versio sisällöstä?",
    "peru": "Peruuta",
    "peru-omat-muutokset": "Peru omat muutokset",
    "perusopetus": "Perusopetus",
    "perusopetus-arviointi": "Oppimisen arviointi",
    "perusopetus-ohjaus": "Ohjaus ja tuki",
    "perusopetus-perusteet": "Perusopetuksen opetussuunnitelman perusteet",
    "perusopetus-sisaltoalueet": "Sisältöalueet",
    "perusopetus-tavoitteet": "Oppiaineen tavoitteet",
    "perusopetus-tehtava": "Oppiaineen tehtävä",
    "perusopetus-tyotavat": "Oppimisympäristöt ja työtavat",
    "peruste": "Peruste",
    "peruste-ei-diaarinumeroa": "Perusteelta puuttuu määräyksen diaarinumero",
    "peruste-ei-ole-katseltavissa": "Peruste ei ole katseltavissa",
    "peruste-ei-sisaltoa": "Perusteeseen ei ole vielä luotu sisältöä.",
    "peruste-ei-voimassaolon-alkamisaikaa": "Perusteelle ei ole annettu voimassaolon alkamisaikaa",
    "peruste-koulutukset": "Koulutuskoodit",
    "peruste-lukio-ei-aihekokonaisuuksia": "Perusteessa ei ole aihekokonaisuuksia",
    "peruste-lukio-ei-opetuksen-yleisia-tavoitteita": "Perusteessa ei ole opetuksen yleisiä tavoitteita.",
    "peruste-lukio-ei-oppiaineita": "Perusteessa ei ole yhtään oppiainetta",
    "peruste-lukio-kooodi-puuttuu": "Koodi puuttuu",
    "peruste-lukio-liittamaton-kurssi": "Peruste sisältää liittämättömän kurssin",
    "peruste-lukio-oppiaineessa-ei-kursseja": "Peruste sisältää oppiaineen/määrän, jolla ei ole kursseja",
    "peruste-lukio-oppiaineessa-ei-oppimaaria": "Oppiaineessa ei yhtään oppimäärää",
    "peruste-lukio-sama-koodi": "Samaa koodia on käytetty useamman kerran",
    "peruste-validointi-koulutuksenosa-ammattitaidon-osoittamistavat": "Perusteen koulutuksen osien ammattitaitojen osoittamistapoja ei ole lokalisoitu",
    "peruste-validointi-koulutuksenosa-ammattitaitovaatimukset": "Perusteen koulutuksen osien kaikkia ammattitaitovaatimuksia ei ole lokalisoitu",
    "peruste-validointi-koulutuksenosa-kuvaus": "Kaikkien koulutuksen osien kuvauksia ei ole lokalisoitu",
    "peruste-validointi-koulutuksenosa-nimi": "Kaikkien koulutuksen osien nimiä ei ole lokalisoitu",
    "peruste-validointi-koulutuksenosa-tavoitteet": "Kaikkien koulutuksen osien tavoitteita ei ole lokalisoitu",
    "peruste-validointi-koulutus-nimi": "Perusteen koulutuksien nimiä ei ole lokalisoitu",
    "peruste-validointi-kuvaus": "Perusteen kuvausta ei ole lokalisoitu",
    "peruste-validointi-laajaalainen-osaaminen-kuvaus": "Kaikkien laaja-alaisten osaamisten kuvauksia ei ole lokalisoitu",
    "peruste-validointi-laajaalainen-osaaminen-nimi": "Kaikkien laaja-alaisten osaamisten nimiä ei ole lokalisoitu",
    "peruste-validointi-nimi": "Perusteen nimeä ei ole lokalisoitu",
    "peruste-validointi-oppiaine-kohdealue": "Kaikkien oppiaineiden tavoitealueita ei ole lokalisoitu",
    "peruste-validointi-oppiaine-nimi": "Kaikkien oppiaineiden nimiä ei ole lokalisoitu",
    "peruste-validointi-oppiaine-sisalto": "Kaikkien oppiaineiden sisältöä ei ole lokalisoitu",
    "peruste-validointi-oppiaine-sisaltoalue": "Kaikkien oppiaineiden sisältöalueita ei ole lokalisoitu",
    "peruste-validointi-oppiaine-vlk-sisalto": "Kaikkien oppiaineiden vuosiluokkakokonaisuuksien sisältöjä ei ole lokalisoitu",
    "peruste-validointi-oppiaine-vlk-tavoite-tavoite-teksti": "Kaikkia tavoitteita ei ole lokalisoitu",
    "peruste-validointi-rakenneosa-kuvaus": "Perusteen muodostumisryhmän kaikkia kuvauksia ei ole lokalisoitu",
    "peruste-validointi-tekstikappale-nimi": "Perusteen kaikkien tekstikappaleiden nimiä ei ole lokalisoitu",
    "peruste-validointi-tekstikappale-teksti": "Perusteen kaikkien tekstikappaleiden sisältöjä ei ole lokalisoitu",
    "peruste-validointi-tutkinnonosa-ammattitaidon-osoittamistavat": "Perusteen tutkinnon osien ammattitaitojen osoittamistapoja ei ole lokalisoitu",
    "peruste-validointi-tutkinnonosa-ammattitaitovaatimukset": "Perusteen tutkinnon osien kaikkia ammattitaitovaatimuksia ei ole lokalisoitu",
    "peruste-validointi-tutkinnonosa-kuvaus": "Kaikkien tutkinnon osien kuvauksia ei ole lokalisoitu",
    "peruste-validointi-tutkinnonosa-nimi": "Kaikkien tutkinnon osien nimiä ei ole lokalisoitu",
    "peruste-validointi-tutkinnonosa-tavoitteet": "Kaikkien tutkinnon osien tavoitteita ei ole lokalisoitu",
    "peruste-validointi-vlk-lo": "Kaikkien vuosiluokkakokonaisuuksien laaja-alaisien osaamisien kuvauksia ei ole lokalisoitu",
    "peruste-validointi-vlk-nimi": "Kaikkien vuosiluokkakokonaisuuksien nimiä ei ole lokalisoitu",
    "peruste-validointi-vlk-sisalto": "Kaikkien vuosiluokkakokonaisuuksien sisältöjä ei ole lokalisoitu",
    "peruste-validointi-vlk-tehtava-otsikko": "Kaikkien vuosiluokkakokonaisuuksien tehtävien otsikoita ei ole lokalisoitu",
    "peruste-validointi-vlk-tehtava-teksti": "Kaikkien vuosiluokkakokonaisuuksien tehtävien sisältötekstejä ei ole lokalisoitu",
    "perusteella-ei-viela-koulutuksenosia": "Perusteella ei ole koulutuksen osia",
    "perusteella-ei-viela-tutkinnonosia": "Perusteella ei ole vielä tutkinnon osia",
    "perusteen-esikatselu": "Perusteen esikatselu",
    "perusteen-kielet": "Perusteen kielet",
    "perusteen-koodi": "Tutkinnon koodi",
    "perusteen-nimea-ei-ole-kaikilla-kielilla": "Perusteelle ei ole määritelty nimeä kaikilla kielillä.",
    "perusteen-nimi": "Perusteen nimi",
    "perusteen-osa-kaytossa-myos-seuraavissa": "Perusteen osa käytössä myös seuraavissa projekteissa",
    "perusteen-sisalto": "Perusteen sisältö",
    "perusteen-termisto": "Käsitteet",
    "perusteen-termisto-ohje": "Tekstikappaleissa voidaan viitata käsitteeseen ja näyttää sen selitys. Käsitteet ovat perustekohtaisia.",
    "perusteen-tiedot": "Perusteen tiedot",
    "perusteen-tiivistelma": "Perusteen tiivistelmä",
    "perusteenosa-kaytossa-muissa-osissa": "Perusteen osa on käytössä myös muissa projekteissa",
    "perusteenosa-kaytossa-muissa-osissa-ohje": "Muutokset tulevat voimaan useaan perusteeseen. Voit halutessasi kopioida osan \"Kopioi muokattavaksi\"-painikkeella.",
    "perusteiden-sisalto": "Perusteiden sisältö",
    "perustepohja": "Pohja",
    "perusteprojekti": "Perusteprojekti",
    "perusteprojekti-koulutusala-placeholder": "<Anna koulutusala>",
    "perusteprojekti-koulutustyyppi-placeholder": "<Aseta perusteen koulutus/tutkintotyyppi>",
    "perusteprojekti-nimi-placeholder": "<Anna projektin nimi>",
    "perusteprojekti-tila-aseta": "Aseta perusteprojektin tila",
    "perusteprojektin-pohjaksi-otetaan-peruste": "Perusteprojektin pohjaksi otetaan peruste",
    "perusteprojektin-tuonti": "Perusteprojektin tuonti",
    "perusteprojektit": "Perusteprojektit",
    "perusteprojektit-otsikko": "Omat perusteprojektit",
    "perustetyoryhman-tietojen-hakeminen-epaonnistui": "Perustetyöryhmän tietojen hakeminen epäonnistui.",
    "perustiedot": "Perustiedot",
    "perustutkinto": "Ammatillinen perustutkinto",
    "peruttu-versio-loytyi": "Tallentamaton versio sisällöstä löydetty. Voit ottaa sen muokattavaksi.",
    "peruuta": "Peruuta",
    "piilota": "Piilota",
    "piilota-aliviestit": "Piilota vastaukset",
    "piilota-kaannosvirheet": "Piilota puuttuvat käännökset",
    "piilota-kuvaukset": "Piilota kuvaukset",
    "piilota-osaamiskokonaisuuden-kuvaus": "Piilota osaamiskokonaisuuden yleiskuvaus",
    "piilota-perusteen-teksti": "Piilota perusteen teksti",
    "piilota-ryhman-kuvaus": "Piilota ryhmän kuvaus",
    "piilota-virheet": "Piilota virheet",
    "pohja": "Pohja",
    "pohjakoulutusvaatimukset": "Pohjakoulutusvaatimukset",
    "poista": "Poista",
    "poista-kohdealue": "Poista",
    "poista-korostus": "Poista korostus",
    "poista-koulutuksenosa": "Poista koulutuksen osa",
    "poista-kurssi": "Poista kurssi",
    "poista-laaja-alainen-osaaminen": "Poista laaja-alainen osaaminen",
    "poista-moduuli": "Poista moduuli",
    "poista-oppiaine": "Poista oppiaine",
    "poista-oppimaara": "Poista oppimäärä",
    "poista-osa-alue": "Poista osa-alue",
    "poista-osaamiskokonaisuus": "Poista osaamiskokonaisuus",
    "poista-osio": "Poista osio",
    "poista-projektista": "Poista projektista",
    "poista-sisalto": "Poista sisältö",
    "poista-suosikeista": "Poista suosikeista",
    "poista-tekstikappale-otsikko": "Poista tekstikappale",
    "poista-tekstikappale-teksti": "Tekstikappale \"{{nimi}}\" poistetaan. Oletko varma?",
    "poista-tutkinnonosa": "Poista tutkinnon osa",
    "poista-tyoryhma-perusteenosasta": "Poista työryhmä perusteenosasta",
    "poista-tyoryhma-teksti": "Työryhmä \"{{nimi}}\" poistetaan. Oletko varma?",
    "poista-vaihe": "Poista vaihe",
    "poista-valittavista": "Poista valittavista",
    "poista-vuosiluokkakokonaisuus": "Poista vuosiluokkakokonaisuus",
    "poistetaanko-aihekokonaisuus": "Poistetaanko valittu aihekokonaisuus?",
    "poistetaanko-julkaisematon-arviointiasteikko": "Poistetaanko julkaisematon geneerinen arviointiasteikko?",
    "poistetaanko-kohdealue": "Poistetaanko kohdealue?",
    "poistetaanko-kommentti": "Poistetaanko kommentti?",
    "poistetaanko-koulutuksenosa": "Poistetaanko koulutuksen osa?",
    "poistetaanko-koulutus": "Poistetaanko koulutuskoodi?",
    "poistetaanko-kurssi": "Haluatko varmasti poistaa kurssin?",
    "poistetaanko-moduuli": "Poistetaanko moduuli?",
    "poistetaanko-oppiaine": "Poistetaanko oppiaine?",
    "poistetaanko-oppiaineen-osio": "Poistetaanko osio? Kaikki osion sisältö poistetaan.",
    "poistetaanko-oppimaara": "Poistetaanko oppimäärä?",
    "poistetaanko-osaamiskokonaisuus": "Poistetaanko osaamiskokonaisuus?",
    "poistetaanko-osio": "Poistetaanko osio?",
    "poistetaanko-ryhma": "Poistetaanko ryhmä?",
    "poistetaanko-termi": "Poistetaanko käsite?",
    "poistetaanko-tiedote": "Poistetaanko tiedote?",
    "poistetaanko-tutkinnonosa": "Poistetaanko tutkinnon osa?",
    "poistetaanko-tyoryhma": "Poistetaanko työryhmä?",
    "poistetaanko-vaatimus": "Poistetaanko ammattitaitovaatimus?",
    "poistetaanko-vaihe": "Poistetaanko vaihe?",
    "poistetaanko-vuosiluokkakokonaisuus": "Poistetaanko vuosiluokkakokonaisuus?",
    "poisto-onnistui": "Poisto onnistui",
    "poistu": "Poistu",
    "poistu-sivulta": "Poistu sivulta",
    "projekti-header-koulutusala": "Koulutusala",
    "projekti-header-koulutustyyppi": "Koulutus/tutkintotyyppi",
    "projekti-header-paatosPvm": "Työryhmän asettamispäivämäärä",
    "projekti-opas": "Projektin tiedot",
    "projekti-opastyoryhma": "Opastyöryhmä",
    "projekti-peruste": "Perusteen tiedot",
    "projekti-perustiedot": "Perustiedot",
    "projekti-projektiryhma": "Perustetyöryhmä",
    "projekti-toimikausi": "Toimikausi",
    "projektin-diaarinumero": "Projektin diaarinumero",
    "projektin-nimi-label": "Projektin nimi",
    "projektin-oid-label": "Perustetyöryhmä",
    "projektin-ryhma": "Projektin työryhmä",
    "projektin-tiedot": "Projektin tiedot",
    "projektin-tuonti": "Projektin lataus",
    "projektiryhma": "Projektiryhmä",
    "puhelin": "Puh.",
    "puuttuvat-kaannokset-kielilla": "Puuttuvat käännökset kielillä:",
    "puuttuvat-kieliversiot": "Puuttuvat kieliversiot",
    "päätöspvm-label": "Päätöspäivämäärä",
    "rajaa": "Rajaa",
    "rajaa-koulutuksenosia": "Rajaa koulutuksen osia...",
    "rajaa-ryhmia": "Rajaa ryhmiä",
    "rajaa-tila": "Rajaa tila:",
    "rajaa-tuloksia": "Rajaa...",
    "rajaa-tutkinnonosia": "Rajaa tutkinnon osia...",
    "rajauksellasi-ei-löytynyt-vaihtoehtoa": "Rajaus ei tuottanut tuloksia",
    "rakenne-validointi-laajuus": "Osien yhteenlaskettu laajuus ei riitä kattamaan vaadittua laajuutta",
    "rakenne-validointi-maara": "Osien määrä on pienempi kuin ryhmän maksimi",
    "rakenne-validointi-maara-laajuus-maksimi": "Maksimikoon kattavat osat eivät riitä kattamaan vaadittua maksimilaajuutta",
    "rakenne-validointi-maara-laajuus-minimi": "Minimikoon kattavat osat eivät riitä kattamaan vaadittua minimilaajuutta",
    "rakenne-validointi-uniikit": "Ryhmässä on samoja tutkinnon osia",
    "rakennetta-ei-ole": "Suoritustavalle ei ole määritetty rakennetta",
    "rakennetta-ei-vielä-muodostettu": "Tutkinnon rakennetta ei ole vielä muodostettu tai se on tyhjä. Luo uusi rakenne muokkaamalla sivua.",
    "rakenteen-roolia-ei-voi-vaihtaa": "Rakenteen roolia ei voi vaihtaa",
    "rakenteen-validointi-virhe": "Rakenteessa validointivirhe",
    "reformi": "Näyttötutkinto",
    "reformin-mukainen": "Reformin mukainen",
    "rooli": "Rooli",
    "ru": "Venäjä",
    "ruotsi": "Svenska",
    "ruudukko": "Ruudukko",
    "ryhmalla-lapsia-ei-voi-muuttaa": "Ryhmän lapsisolmut poistettava ensin",
    "ryhman-erikoisuustietoa-ei-voi-vaihtaa": "Ryhmän ei voi muokata",
    "ryhman-juuren-muodostumista-ei-voi-muuttaa": "Tutkinnon muodostumissääntöä ei voi muuttaa",
    "ryhman-kuvausta-ei-voi-muuttaa": "Ryhmän kuvausta ei voi muuttaa",
    "ryhman-muodostumissaantoa-ei-voi-muuttaa": "Ryhmän muodostumissääntöä ei voi muuttaa",
    "ryhman-nimea-ei-voi-muuttaa": "Ryhmän nimeä ei voi muuttaa",
    "ryhman-osaamisala-tutkintonimike-jo-kaytossa": "Ryhmän osaamisala on jo käytössä",
    "ryhman-osaamisalaa-ei-perusteella": "Ryhmän osaamisalaa ei ole määritelty perusteelle",
    "ryhman-osaamisalaa-ei-voi-muuttaa": "Ryhmän osaamisalaa ei voi muuttaa",
    "ryhman-osaamisalalta-puuttuu-vaaditut-tutkintonimikekuvaukset": "Osaamisalalta puuttuu määritetyt tutkintonimikeryhmät",
    "ryhman-osia-ei-voi-muuttaa": "Ryhmän osia ei voi muuttaa",
    "ryhman-osien-maaraa-ei-voi-muuttaa": "Ryhmän osien määrää ei voi muuttaa",
    "ryhman-pakollisuutta-ei-voi-muuttaa": "Ryhmän pakollisuutta ei voi muuttaa",
    "ryhman-rooli-ei-salli-sisaltoa": "Ryhmän rooli ei salli sisältöä",
    "ryhman-roolia-ei-voi-vaihtaa": "Ryhmän roolia ei voi vaihtaa",
    "ryhman-tunnistetta-ei-voi-muuttaa": "Ryhmän rakennetta ei voi muuttaa",
    "ryhman-tutkintonimike-ja-osaamisala-ei-voi-olla-samanaikaisesti": "Ryhmällä ei voi olla osaamisalaa ja tutkintonimikettä",
    "ryhman-tutkintonimike-jo-kaytossa": "Ryhmän tutkintonimike on jo käytössä",
    "ryhman-tutkintonimiketta-ei-voi-vaihtaa": "Ryhmän tutkintonimikettä ei voi muuttaa",
    "ryhmien-hakeminen-epaonnistui": "Ryhmien hakeminen epäonnistui.",
    "saadosperusta": "Säädösperusta",
    "salli-lukio-peruste-esikatseltavissa": "salli esikatselu",
    "salli-perusteen-esikatselu": "Salli perusteen esikatselu",
    "se": "Saame",
    "selaa": "Selaa...",
    "selaa-perusteita": "Selaa perusteita",
    "selaa-perustetta": "Selaa perustetta",
    "selain-ei-tue": "Selaimesta puuttuu tuki ominaisuudelle",
    "selitys": "Selitys",
    "siirry": "Siirry",
    "siirtyma-edellisesta": "Siirtymä edellisestä vaiheesta",
    "siirtyma-seuraavaan": "Siirtymä seuraavaan vaiheeseen",
    "siirtymaAlkaa": "Siirtymäaika alkaa",
    "siirtyman-kuvaus": "Tämän perusteen mukaan aloitettu tutkinnon suorittaminen voidaan saattaa loppuun siirtymäajalla.",
    "siirtyman-paattyminen": "Siirtymäajan päättymisaika",
    "siirtymavaiheet": "Siirtymävaiheet",
    "sijainti": "Sijainti",
    "sisallon-kieli": "Sisällön kieli",
    "sisallon-muotoilu-saattaa-sisaltaa-virheita": "Sisältö saattaa sisältää muotoiluvirheitä",
    "sisallot": "Sisallöt",
    "sisalto": "Sisältö",
    "sisalto-kaannettavaksi": "Sisältö valmis käännettäväksi",
    "sisalto-muotoiluvirheet-ohita": "Oletko varma, että sisältö on muotoiltu oikein? Jos on, paina OK.",
    "sisaltoalueen-nimi": "Sisältöalueen nimi",
    "sisaltoalueet": "Sisältöalueet",
    "sisaltoalueiden-kuvaus": "Sisältöalueiden kuvaus",
    "sivunavigointi-avaa-menu": "Avaa navigointimenu",
    "sivunavigointi-sulje-menu": "Sulje navigointimenu",
    "sivupalkki-näytä-kaikki": "Näytä enemmän",
    "sivupalkki-piilota": "Näytä vähemmän",
    "solu": "Solu",
    "soveltava": "Soveltava",
    "soveltava-kurssi-kuvaus-header": "Valtakunnallisten soveltavien kurssien yleinen kuvaus",
    "soveltava-kurssi-kuvaus-placeholder": "Kirjoita vapaahetoinen kuvaus koskien valtakunnallisia soveltavia kursseja",
    "soveltavat-kurssit": "Soveltavat kurssit",
    "sulje": "Sulje",
    "sulje-kaikki": "Sulje kaikki",
    "sulje-leikelauta": "Sulje leikelauta",
    "suomi": "Suomi",
    "suorittaneen-osaaminen": "Tutkinnon suorittaneen osaaminen",
    "suoritustapa": "Suoritustapa",
    "suoritustavalle-ei-ole-viela-sisaltoa": "Perusteelle ei ole luotu vielä tähän suoritustapaan liittyvää sisältöä",
    "suoritustavat": "Suoritustavat",
    "suosikin-nimi": "Suosikin nimi",
    "suosikit-otsikko": "Suosikit",
    "suosikki": "Lisää suosikiksi",
    "sv": "Ruotsi",
    "syventava": "Syventävä",
    "syventava-kurssi-kuvaus-header": "Valtakunnallisten syventävien kurssien yleinen kuvaus",
    "syventava-kurssi-kuvaus-placeholder": "Kirjoita vapaahetoinen kuvaus koskien valtakunnallisia syventäviä kursseja",
    "syventavat-kurssit": "Syventävät kurssit",
    "tahdella-pakolliset": "Tähdellä(*) merkityt kentät ovat pakollisia",
    "taiteenala-aikuisten-opetus": "Aikuisten opetus",
    "taiteenala-kasvatus": "Kasvatus",
    "taiteenala-koodi": "Taiteenala koodi",
    "taiteenala-oppimisen-arvionti": "Oppimisen arviointi opetuksessa",
    "taiteenala-teemaopinnot": "Teemaopinnot",
    "taiteenala-tyotavat": "Työtavat opetuksessa",
    "taiteenala-yhteisetOpinnot": "Yhteiset opinnot",
    "takaisin": "Takaisin",
    "takaisin-aineeseen": "Takaisin oppiaineeseen / oppimäärään",
    "takaisin-hakuun": "Takaisin hakuun",
    "takaisin-laadintaan": "Takaisin laadintaan",
    "takaisin-oppiaineeseen": "Takaisin oppiaineeseen",
    "takaisin-oppiaineet": "Takaisin oppiainelistaukseen",
    "takaisin-paanakymaan": "Projektin päänäkymä",
    "takaisin-tiedotteiden-hallintaan": "Takaisin tiedotteiden hallintaan",
    "takaisin-ylos": "Takaisin ylös",
    "tallenna": "Tallenna",
    "tallenna-haku": "Tallenna haku",
    "tallenna-muutokset": "Tallenna muutokset",
    "tallenna-tyoryhma": "Tallenna työryhmä",
    "tallennettiin-onnistuneesti": "tallennettiin onnistuneesti",
    "tallennettu": "Tallennettu",
    "tallennus-onnistui": "Tallennus onnistui",
    "tallentamattomia-muutoksia": "Sinulla on tallentamattomia muutoksia. Jos poistut sivulta muutokset menetetään.",
    "tallentaminen-epaonnistui": "Tallentaminen epäonnistui",
    "tarkastele-esitysta": "Tarkastele esitystilassa",
    "tarkastele-versiota": "Tarkastele versiota",
    "tarkennettu-haku": "Tarkennettu haku",
    "tarkista-ammattitaitovaatimukset": "Tarkista ammattitaitovaatimukset",
    "tarkista-virheet": "Tarkista virheet",
    "tavoitealueet": "Tavoitealueet",
    "tavoitteen-kuvaus-placeholder": "Lisää tavoitteen kuvaus",
    "tavoitteen-nimi-placeholder": "Lisää tavoitteen nimi",
    "tavoitteet": "Tavoitteet",
    "tavoitteet-ja-keskeiset-sisallot": "Tavoitteet ja keskeiset sisällöt",
    "tavoitteet-ja-sisallot": "Tavoitteet ja sisallöt",
    "tavoitteiden-osaamiset": "Laaja-alainen osaaminen",
    "tavoitteista-johdetut-oppimisen-tavoitteet": "Tavoitteista johdetut oppimisen tavoitteet",
    "tehtäväluokka-label": "Tehtäväluokka",
    "tekstikappale": "Tekstikappale",
    "tekstikappale-kopioitu-onnistuneesti": "Tekstikappale kopioitu onnistuneesti",
    "tekstikappale-tallennettiin-onnistuneesti": "Tekstikappale tallennettiin onnistuneesti",
    "tekstikappaleet": "Tekstikappaleet",
    "tekstikappaleiden-tuonti-onnistui": "Tekstikappaleiden tuonti onnistui",
    "tekstisisalto": "Sisaltö",
    "tekstisisällön-tuonti": "Tekstisisällön tuonti",
    "termi": "Käsite",
    "termi-plugin-button-label": "Viittaus käsitteeseen",
    "termi-plugin-label": "Viittaus käsitteeseen",
    "termi-plugin-label-teksti": "Teksti johon viittaus liitetään",
    "termi-plugin-label-termi": "Käsite johon viitataan",
    "termi-plugin-lisaa-uusi": "Lisää uusi käsite",
    "termi-plugin-menu-muokkaa": "Muokkaa viittausta käsitteeseen",
    "termi-plugin-menu-poista": "Poista viittaus käsitteeseen",
    "termi-plugin-select-placeholder": "Valitse käsite...",
    "termi-plugin-tallennettu": "Käsite tallennettu. Voit muokata sitä Käsitteet-näkymässä.",
    "termi-plugin-title": "Lisää viittaus tai muokkaa viittausta käsitteeseen",
    "termi-plugin-virhe-teksti-tyhja": "Teksti johon viittaus liitetään ei voi olla tyhjä.",
    "termi-plugin-virhe-viite-tyhja": "Valitse käsite johon viitataan.",
    "termia-ei-loytynyt": "Viitattua käsitettä ei löytynyt",
    "termin-selitys": "Käsitteen selitys",
    "termin-selitys-placeholder": "Kirjoita käsitteen selitys",
    "tiedosto": "Tiedosto",
    "tiedostossa-ongelmia": "Tiedostossa oli huomion arvoisia ongelmia, mutta voit halutessasi yrittää jatkaa.",
    "tiedot": "Tiedot",
    "tiedote": "Tiedote",
    "tiedote-julkinen": "julkinen",
    "tiedote-liittyy-perusteprojektiin": "Tiedote liittyy perusteprojektiin",
    "tiedote-otsikko-placeholder": "Kirjoita tiedotteen otsikko",
    "tiedote-teksti-placeholder": "Kirjoita tiedotteen teksti",
    "tiedoteteksti": "Tiedoteteksti",
    "tiedotteet": "Tiedotteet",
    "tietosuojaseloste": "Tietosuojaseloste",
    "tiivistelma": "Tutkinnon suorittaneen osaaminen",
    "tila": "Tila",
    "tila-julkaistu": "Julkaistu",
    "tila-kommentointi": "Kommentointi",
    "tila-laadinta": "Laadinta",
    "tila-poistettu": "Arkistoitu",
    "tila-valmis": "Valmis",
    "tila-viimeistely": "Viimeistely",
    "tilakuvaus-julkaistu": "Kuvaus tilalle julkaistu.",
    "tilakuvaus-kaannos": "Kuvaus tilalle käännös.",
    "tilakuvaus-kommentointi": "Perusteet asetetaan kommentointi-tilaan kun ne ovat palvelun ulkopuolella kommentointi- tai lausuntokierroksella. Perusteita ei voi muokata kommentointi-tilassa. Kun kommentointi tai lausuntokierros on ohi perusteet palautetaan Laadinta-tilaan muokattavaksi.",
    "tilakuvaus-laadinta": "Perusteen laadinta ja muokkaus on mahdollista.",
    "tilakuvaus-poistettu": "Perusteen versio ei ole enää tarpeellinen perusteen laadinnassa. Poistettu -tilaan siirretty versio voidaan tarvittaessa palauttaa Laadinta-tilaan.",
    "tilakuvaus-valmis": "Perusteluonnos on valmis Opetushallituksen hyväksymisprosessia varten. Valmis -tilaan siirretty luonnos voidaan tarvittaessa palauttaa Viimeistely-tilan kautta Laadinta-tilaan. Tila muutoksen voi tehdä vain perusteprosessin omistajan käyttöoikeuksilla.",
    "tilakuvaus-viimeistely": "Perusteiden -luonnos on valmis viimeisteltäväksi Opetushallituksessa. Tila mahdollistaa perusteen kielenhuollon ja kääntämisen. Viimeistely -tilaan siirretty perusteluonnos voidaan tarvittaessa vielä palauttaa Laadinta-tilaan perusteprosessin omistajan käyttöoikeuksilla. ",
    "tilan-vaihto-epaonnistui": "Tilan vaihto epäonnistui",
    "tilanvaihdos-aiheuttaa": "Tämä tilanvaihdos aiheuttaa seuraavaa:",
    "tilanvaihdos-julkaistu-laadinta": "Kuvaus tilasiirtymälle julkaistu-laadinta.",
    "tilanvaihdos-kommentointi-laadinta": "Kuvaus tilasiirtymälle kommentointi-laadinta.",
    "tilanvaihdos-kommentointi-poistettu": "Kuvaus tilasiirtymälle kommentointi-poistettu.",
    "tilanvaihdos-laadinta-kommentointi": "Kuvaus tilasiirtymälle laadinta-kommentointi.",
    "tilanvaihdos-laadinta-poistettu": "Kuvaus tilasiirtymälle laadinta-arkistointi.",
    "tilanvaihdos-laadinta-viimeistely": "Kuvaus tilasiirtymälle laadinta-viimeistely.",
    "tilanvaihdos-poistettu-laadinta": "Kuvaus tilasiirtymälle poistettu-laadinta.",
    "tilanvaihdos-valmis-julkaistu": "Kuvaus tilasiirtymälle valmis-julkaistu.",
    "tilanvaihdos-valmis-poistettu": "Kuvaus tilasiirtymälle valmis-poistettu.",
    "tilanvaihdos-valmis-viimeistely": "Kuvaus tilasiirtymälle valmis-viimeistely.",
    "tilanvaihdos-viimeistely-laadinta": "Kuvaus tilasiirtymälle viimeistely-laadinta.",
    "tilanvaihdos-viimeistely-poistettu": "Kuvaus tilasiirtymälle viimeistely-poistettu.",
    "tilanvaihdos-viimeistely-valmis": "Kuvaus tilasiirtymälle viimeistely-valmis.",
    "tilanvaihtovirhe-header": "Projektin tilan vaihtaminen ei onnistunut",
    "toimikausi-alku-label": "Toimikauden aloitus",
    "toimikausi-loppu-label": "Toimikauden päättyminen",
    "toiminnot": "Toiminnot",
    "toiminto": "Toiminto",
    "toisesta-suoritustavasta": "Toisesta suoritustavasta",
    "toteutus-label": "Koulutustyypin toteutus",
    "toteutus-valmis": "Sisältö valmis",
    "tpo": "Taiteen perusopetus",
    "tulossa-kohta": "Tulossa kohta",
    "tulosta-sivu": "Tulosta sivu",
    "tuo": "Tuo",
    "tuo-excel": "Tuo Excel",
    "tuo-excel-tiedostosta": "Tuo Excel-tiedostosta...",
    "tuo-koulutuksenosa": "Tuo koulutuksenosa",
    "tuo-nykyisesta-perusteesta": "Tuo nykyisestä perusteesta",
    "tuo-osaamistavoite": "Tuo osaamistavoite",
    "tuo-peruste": "Tuo peruste",
    "tuo-perustepohja": "Tuo perustepohja",
    "tuo-toisesta-suoritustavasta": "Tuo toisesta suoritustavasta",
    "tuo-tutkinnonosa": "Tuo tutkinnon osa",
    "tuo-tutkintokohtainen-osa": "Tuo tekstikappale",
    "tuo-valitut": "Tuo valitut",
    "tutke2-osalta-puuttuu-osa-alue-koodi": "Tutkinnon osien osa-alueilta puuttuu koodi",
    "tutkinnolle-ei-maaritetty-kokonaislaajuutta": "Tutkinnolle ei ole määritetty laajuutta",
    "tutkinnon-koodi": "Tutkinnon koodi",
    "tutkinnon-muodostuminen": "Tutkinnon muodostuminen",
    "tutkinnon-muodostuminen-muokkaus": "Muokkaa tutkinnon muodostumista",
    "tutkinnon-nimella": "Tutkinnon nimellä",
    "tutkinnon-osa": "Tutkinnon osa",
    "tutkinnon-osa-ei-sisaltoa": "Tutkinnon osalla ei ole sisältöä.",
    "tutkinnon-osa-ei-sisaltoa-ohje": "Lisää osioita valitsemalla \"Lisää osio\".",
    "tutkinnon-osa-haku-placeholder": "Rajaa tutkinnon osia...",
    "tutkinnon-osa-rakenteessa-ei-voi-poistaa": "Tutkinnon osaa ei voi poistaa, koska se on käytössä tutkinnon rakenteessa. Poista viite puusta ensin.",
    "tutkinnon-osa-rakenteesta-poistettu": "Tutkinnon osa poistettu onnistuneesti.",
    "tutkinnon-osalla-ei-ole-koodia": "Valitun tutkinnon osalla ei ole koodia",
    "tutkinnon-osan-ammattitaitovaatukset-tekstina": "Tutkinnon osien ammattitaitovaatimukset täytyy laatia rakenteisena",
    "tutkinnon-osan-asetettua-koodia-ei-koodistossa": "Tutkinnon osan koodia ei koodistossa",
    "tutkinnon-osan-koodi-kaytossa": "Valittu tutkinnon osan koodi on jo käytössä",
    "tutkinnon-osan-kooditon-ammattitaitovaatimus": "Tutkinnon osalla kooditon ammattitaitovaatimus",
    "tutkinnon-osia-ei-loytynyt": "Tutkinnon osia ei löytynyt.",
    "tutkinnon-osien-kokonaismaara": "Löytyy {{kokonaismaara}} tutkinnon osaa",
    "tutkinnon-osien-koodit-kaytossa-muissa-tutkinnon-osissa": "Tutkinnon osan koodit jo käytössä perusteen muissa osissa",
    "tutkinnon-rakenne": "Tutkinnon rakenne",
    "tutkinnon-rakenteen-kuvaus": "Tutkinnon rakenteen kuvaus",
    "tutkinnon-suorittaja": "Opiskelija",
    "tutkinnon-suorittaneen-ammatillinen-osaaminen": "Tutkinnon suorittaneen ammatillinen osaaminen",
    "tutkinnon-taso": "Tutkinnon taso",
    "tutkinnon-tyyppi": "Tutkinnon tyyppi",
    "tutkinnon-virallinen-asema": "Tutkinnon virallinen asema",
    "tutkinnonosa": "Tutkinnon osa",
    "tutkinnonosa-ammattitaitovaatimukset": "Ammattitaitovaatimukset",
    "tutkinnonosa-jarjestysnumero": "Järjestysnumero",
    "tutkinnonosa-koko": "Koko",
    "tutkinnonosa-kopioitu-onnistuneesti": "Tutkinnon osa kopioitu onnistuneesti",
    "tutkinnonosa-laajuus": "Laajuus",
    "tutkinnonosa-nimi": "Nimi",
    "tutkinnonosa-save-fail": "Seuraavia tutkinnon osia ei pystytty tallentamaan onnistuneesti:",
    "tutkinnonosa-tavoitteet": "Tavoitteet",
    "tutkinnonosa-tunnustaminen": "Tunnustaminen",
    "tutkinnonosat": "Tutkinnon osat",
    "tutkinnosta-paattava-viranomainen": "Tutkinnosta päättävän kansallisen/alueellisen viranomaisen nimi ja asema",
    "tutkintokoodi": "Tutkintokoodi",
    "tutkintonimike": "Tutkintonimike",
    "tutkintonimike-poistettu-onnistuneesti": "Tutkintonimike poistettiin onnistuneesti",
    "tutkintonimikeryhmalle-maaritetty-tutkinnon-osa-useaan-kertaan": "Tutkinnon osan voi liittää vain yhteen tutkintonimikeryhmään",
    "tutkintonimikkeen-lisays-epaonnistui": "Tutkintonimikkeen lisääminen epäonnistui",
    "tutkintonimikkeen-lisays-onnistui": "Tutkintonimikkeen lisääminen onnistui",
    "tutkintonimikkeen-osaamisala-puuttuu-perusteesta": "Tutkintonimikkeessä määritetty osaamisala puuttuu perusteesta",
    "tutkintonimikkeen-vaatimaa-koulutuksenosakoodia-ei-loytynyt-koulutuksen-osilta": "Tutkintonimikkeen vaatimaa koulutuksen osan koodia ei löytynyt koulutuksen osilta",
    "tutkintonimikkeen-vaatimaa-tutkinnonosakoodia-ei-loytynyt-tutkinnon-osilta": "Tutkintonimikkeen vaatimaa tutkinnon osan koodia ei löytynyt miltään tutkinnon osalta",
    "tutkintonimikkeet": "Tutkintonimikkeet",
    "tutkintotodistuksen-antaja": "Tutkintotodistuksen antaja",
    "tutkintotodistuksen-saaminen": "Tutkintotodistuksen voi säädösten mukaan saada seuraavilla tavoilla",
    "tyhja-placeholder-aihekokonaisuudet": "Aihekokonaisuuksia ei ole lisätty.",
    "tyhja-placeholder-kurssit": "Kursseja ei ole lisätty",
    "tyhja-placeholder-laaja-alainen-osaaminen": "Laaja-alaisia osaamisia ei ole lisätty.",
    "tyhja-placeholder-opetuksen-yleiset-tavoitteet": "Opetuksen yleisiä tavoitteita ei ole lisätty.",
    "tyhja-placeholder-oppiaineet": "Oppiaineita ei ole lisätty.",
    "tyhja-placeholder-oppiaineet-oppimaarat": "Oppimääriä ei ole lisätty.",
    "tyhja-placeholder-osaaminen": "Osaamiskokonaisuuksia ei ole lisätty.",
    "tyhja-placeholder-vaiheet": "Vaiheita ei ole lisätty.",
    "tyhja-placeholder-vuosiluokat": "Vuosiluokkakokonaisuuksia ei ole lisätty.",
    "tyhjenna": "Tyhjennä",
    "tyhjenna-koodin-arvo": "Poista valinta",
    "tyhjenna-rajaus-tooltip": "Tyhjennä rajaus (Esc)",
    "tyhjenna-valinnat": "Palauta valinnat alkutilaan",
    "tyoryhma": "Työryhmä",
    "tyoryhman-nimi": "Työryhmän nimi",
    "tyotehtavat-joissa-voi-toimia": "Työtehtäviä, joissa tutkinnon suorittanut voi toimia",
    "tyyppi": "Tyyppi",
    "tyyppi-tutkintokohtainen": "Tutkintokohtainen",
    "tyyppi-yhteinen": "Yhteinen",
    "ui-kieli": "Käyttöliittymäkieli",
    "url": "URL",
    "useita-oppimaaria": "Useita oppimääriä",
    "uusi": "Uusi",
    "uusi-koulutuksenosa": "Uusi koulutuksen osa",
    "uusi-kurssi": "Uusi kurssi",
    "uusi-opas": "Uusi opas",
    "uusi-oppiaine": "Uusi oppiaine",
    "uusi-oppimaara": "Uusi oppimäärä",
    "uusi-osaaminen": "Laaja-alainen osaaminen - uusi osaamiskokonaisuus",
    "uusi-perustepohja": "Uusi perustepohja",
    "uusi-perusteprojekti": "Luo uusi perusteprojekti",
    "uusi-perusteprojekti-tuonti": "Tuo perusteprojekti",
    "uusi-projekti": "Uusi projekti",
    "uusi-projekti-otsikko": "Uusi perusteprojekti",
    "uusi-tavoite-joukko": "Lisää osaamistavoite",
    "uusi-termi": "Lisää uusi käsite",
    "uusi-tiedote": "Lisää tiedote",
    "uusi-tutkinnon-osa": "<Uusi sisältö>",
    "uusi-tutkinnonosa": "<Uusi tutkinnon osa>",
    "uusi-vaihe": "Uusi vaihe",
    "uusi-vuosiluokkakokonaisuus": "Uusi vuosiluokkakokonaisuus",
    "vahvista": "Vahvista",
    "vahvista-avaus": "Vahvista avaus",
    "vahvista-julkaisu": "Vahvista julkaisu",
    "vahvista-kaytosta-poisto": "Vahvista toiminto",
    "vahvista-kaytto": "Vahvista toiminto",
    "vahvista-kopiointi": "Vahvista kopiointi",
    "vahvista-liikkuminen": "Vahvista liikkuminen",
    "vahvista-palautus": "Vahvista palautus",
    "vahvista-palautus-sisältö": "Haluatko palauttaa perusteprojektin {{ nimi }}? Perusteprojektin sisältö palautetaan ja se asetetaan tilaan: {{ tila }}",
    "vahvista-poisto": "Vahvista poisto",
    "vahvista-version-palauttaminen": "Vahvista version palauttaminen",
    "vahvista-version-palauttaminen-teksti": "Haluatko ottaa tämän version ({{versio}}) käyttöön? Versiosta luodaan kopio ja siitä luodaan uusi versio.",
    "vaihda-arviointiasteikko": "Vaihda arviointiasteikko",
    "vaihe-tehtava": "Vaiheen tehtävä",
    "vaiheet": "Vaiheet",
    "vain-korjaukset-sallittu": "Vain korjaukset sallittu",
    "vain-koulutusvienti": "Vain koulutusvienti",
    "vain-käyttämättömät": "Näytä käyttämättömät",
    "vain-tekstimuutokset-sallittu": "Vain tekstimuutokset sallittuja",
    "validointivirheet-header": "Validointivirheet",
    "valinnainen": "Valinnainen",
    "valinnaiset-moduulit": "Valinnaiset moduulit",
    "valinnaiset-moduulit-kuvaus-placeholder": "Valinnaisten moduulien kuvaus",
    "valinnaiset-osaamistavoitteet": "Valinnaiset osaamistavoitteet",
    "valitse": "Valitse",
    "valitse-diaarinumero": "Valitse diaarinumero",
    "valitse-dokumenttin-versio": "Valitse dokumentin generaattori",
    "valitse-jasenet": "Valitse jäsenet",
    "valitse-kaikki": "Valitse kaikki",
    "valitse-kieli": "Valitse kieli",
    "valitse-koulutustyyppi": "Valitse koulutus/tutkintotyyppi",
    "valitse-nimi": "Valitse nimi",
    "valitse-tehtäväluokka": "Valitse tehtäväluokka",
    "valitse-toteutus": "Valitse koulutustyypin toteutus",
    "valitse-tyoryhmat": "Valitse työryhmat",
    "valmaarviointi-arviointi-kuvaus": "Kuvaus",
    "valmaarviointi-kuvaus-placeholder": "Osaamistavoite",
    "valmaarviointi-uusi-arviointi-placeholder": "Kriteeri",
    "valmaarviointi-uusi-kohde": "Kohde",
    "valmaarviointi-uusi-kriteeri": "Uusi kriteeri",
    "valmaarviointi-uusi-tavoite-placeholder": "Tavoite",
    "valmis": "Valmis",
    "valmis-ohje": "Perusteen osan sisältö on valmis",
    "valtakunalliset-syventavat-kurssit": "Valtakunnalliset syventävät kurssit",
    "valtakunnallinen": "Valtakunnallinen",
    "valtakunnalliset-pakolliset-kurssit": "Pakolliset kurssit",
    "valtakunnalliset-soveltavat-kurssit": "Valtakunnalliset syventävät kurssit",
    "vanha": "Vanha",
    "vapaa-tekstisisalto": "Vapaa tekstisisältö",
    "varmista-lisays": "Varmista lisäys",
    "varmista-osion-poisto-otsikko": "Varmista osion poisto",
    "varmista-osion-poisto-teksti": "Haluatko poistaa osion? Kaikki osion sisältö menetetään.",
    "varmista-poisto": "Varmista poisto",
    "varmista-poisto-suosikki-teksti": "Haluatko varmasti poistaa suosikin?",
    "varoitukset": "Varoitukset",
    "vastaa": "Vastaa",
    "versio": "Versio",
    "versiohistoria": "Versiohistoria",
    "vieras": "Vieras",
    "vieraskoulutuksenosa": "Vieras koulutuksen osa",
    "vierastutkinnonosa": "Vieras tutkinnon osa",
    "vierastutkinto-ei-muita-ryhmia": "Vierastutkintoryhmä ei voi sisältää muita ryhmiä.",
    "vierastutkinto-pitaa-olla-vierastutkintoryhmassa": "Vieras tutkinnon osa täytyy olla vierastutkintoryhmässä.",
    "viesti": "Viesti",
    "viesti-poistettu": "Viesti poistettu",
    "virhe": "Virhe",
    "virhe-koulutuksenonosaa-ei-löytynyt": "Hakemaasi koulutuksen osaa ei löytynyt",
    "virhe-muu": "Virhe",
    "virhe-perusteenosaa-ei-löytynyt": "Hakemaasi perusteen osaa ei löytynyt",
    "virhe-sivua-ei-löytynyt": "Sivua ei löytynyt",
    "virhe-tekstikappaletta-ei-löytynyt": "Hakemaasi tekstikappaletta ei löytynyt",
    "virhe-tiedosto-epäonnistui": "Tiedoston avaaminen epäonnistui",
    "virhe-tilan-vaihtamisessa": "Virhe tilan vaihtamisessa",
    "virhe-tutkinnonosaa-ei-löytynyt": "Hakemaasi tutkinnon osaa ei löytynyt",
    "virhe.jotain-meni-pieleen": "Oho! Jotain meni pieleen.",
    "virheelliset": "Virheelliset",
    "virheelliset-hae": "Hae virheitä",
    "virheelliset-kuvaus": "Listaus perusteista mitkä eivät enää pääse läpi validoinnista.",
    "virheelliset-otsikko": "Virheitä sisältävät julkiset perusteet",
    "virheelliset-perusteet": "Virheelliset perusteet",
    "voimaantulo-pvm": "Voimaantulo",
    "voimassaolo": "Voimassaolo",
    "voimassaolo-alkamispvm": "Voimassaolon alkaminen",
    "voimassaolo-paattymispvm": "Voimassaolon päättyminen",
    "voimassaoloAlkaa": "Voimassaolo alkaa",
    "voimassaoloLoppuu": "Voimassaolo päättyy",
    "vuosiluokat": "Vuosiluokat",
    "vuosiluokka": "Vuosiluokka",
    "vuosiluokka_1": "Vuosiluokka 1",
    "vuosiluokka_2": "Vuosiluokka 2",
    "vuosiluokka_3": "Vuosiluokka 3",
    "vuosiluokka_4": "Vuosiluokka 4",
    "vuosiluokka_5": "Vuosiluokka 5",
    "vuosiluokka_6": "Vuosiluokka 6",
    "vuosiluokka_7": "Vuosiluokka 7",
    "vuosiluokka_8": "Vuosiluokka 8",
    "vuosiluokka_9": "Vuosiluokka 9",
    "vuosiluokkakokonaisuuden-osaamisalueet": "Vuosiluokkakokonaisuuden osaamisalueet",
    "vuosiluokkakokonaisuuden-tehtava": "Vuosiluokkakokonaisuuden tehtävä",
    "vuosiluokkakokonaisuudet": "Vuosiluokkakokonaisuudet",
    "vuosiluokkakokonaisuus": "Vuosiluokkakokonaisuus",
    "yhteiset-osuudet": "Yhteiset osuudet",
    "yhteistyotaho-label": "Sopimusosapuoli",
    "yhteys-palvelimeen-poikki": "Yhteys palveluun on katkennut.",
    "yksi-oppimaara": "Yksi oppimäärä",
    "yksikko": "Yksikkö",
    "yksinkertainen": "Yksinkertainen",
    "yleinen-tiedote": "Yleinen tiedote",
    "yleinen-tiedote-header": "Yleinen",
    "yleiset-osuudet": "Yleiset osuudet",
    "yleiset-tavoitteet": "Yleiset tavoitteet",
    "yleisettavoitteet-ei-otsikkoa": "Opetuksen yleisiä tavoitteita ei ole vielä määritelty",
    "yleisettavoitteet-kuvaus-placeholder": "Kirjoita opetuksen yleisten tavoitteiden kuvaus",
    "ylikirjoita-uusi-sisältö": "Jatka muokkaamista",
    "ylikirjoittaessasi-voit-palauttaa": "Jatkaessasi voit ylikirjoittaa toisten muutokset. Ne säilyvät edelleen muutoshistoriassa ja voit palauttaa ne sieltä",
    "yllapito": "Ylläpito"
}
